customer_id,total_orders,total_revenue,total_profit
CUST00001,11,88721,24068
CUST00002,7,52195,17422
CUST00003,8,33860,11996
CUST00004,12,60705,17083
CUST00005,5,30955,7982
CUST00006,9,83998,28792
CUST00007,9,62684,21832
CUST00008,14,118144,35304
CUST00009,6,59929,21398
CUST00010,11,99774,32799
CUST00011,11,80851,28214
CUST00012,17,107011,32446
CUST00013,10,91921,26469
CUST00014,9,52427,14693
CUST00015,6,27256,7906
CUST00016,13,123422,42492
CUST00017,14,103083,27698
CUST00018,9,74937,26948
CUST00019,16,111998,36907
CUST00020,6,48877,16469
CUST00021,11,73068,23536
CUST00022,9,94117,32742
CUST00023,10,61454,21985
CUST00024,12,109506,38766
CUST00025,8,44326,13083
CUST00026,11,126209,42360
CUST00027,11,94537,35861
CUST00028,23,149086,53960
CUST00029,9,61722,19329
CUST00030,12,115330,34288
CUST00031,7,63928,21444
CUST00032,9,52571,19415
CUST00033,7,44789,15330
CUST00034,6,42171,15372
CUST00035,9,61936,19748
CUST00036,5,31436,8990
CUST00037,7,28911,9641
CUST00038,7,49977,15590
CUST00039,9,82070,27277
CUST00040,4,26940,6036
CUST00041,9,98723,27992
CUST00042,7,44238,14000
CUST00043,9,47629,13721
CUST00044,9,75985,26160
CUST00045,10,66099,23100
CUST00046,6,45476,13685
CUST00047,5,47609,20093
CUST00048,8,83786,30332
CUST00049,10,80730,29341
CUST00050,5,29212,7868
CUST00051,12,106715,39801
CUST00052,12,105335,35384
CUST00053,7,46985,16309
CUST00054,7,75571,24605
CUST00055,10,106338,36917
CUST00056,8,83052,29004
CUST00057,9,78662,30078
CUST00058,6,32602,8732
CUST00059,17,109795,31762
CUST00060,8,49978,14170
CUST00061,10,90584,26217
CUST00062,10,60115,17090
CUST00063,10,71231,25802
CUST00064,10,93196,30363
CUST00065,9,56245,18324
CUST00066,14,133172,41134
CUST00067,14,116871,37638
CUST00068,11,68166,19612
CUST00069,11,91258,32722
CUST00070,12,135797,39604
CUST00071,11,65678,18756
CUST00072,17,161403,62131
CUST00073,14,147715,46926
CUST00074,10,109705,35632
CUST00075,6,53876,15462
CUST00076,7,61788,23435
CUST00077,13,100999,29839
CUST00078,6,49440,18756
CUST00079,9,75788,20587
CUST00080,8,78326,20433
CUST00081,9,71995,26596
CUST00082,15,127820,39495
CUST00083,11,119401,34932
CUST00084,8,51480,16405
CUST00085,14,141894,37313
CUST00086,11,109888,39887
CUST00087,5,12345,3063
CUST00088,7,63396,23972
CUST00089,8,96408,39704
CUST00090,12,100340,36614
CUST00091,7,32056,9705
CUST00092,17,174315,54247
CUST00093,10,69899,21107
CUST00094,6,70899,23067
CUST00095,5,43908,15737
CUST00096,9,78568,26314
CUST00097,8,52566,13941
CUST00098,10,36979,9482
CUST00099,11,62160,24804
CUST00100,9,97426,25335
CUST00101,11,134370,45187
CUST00102,8,39130,14003
CUST00103,13,124728,36015
CUST00104,6,67245,23255
CUST00105,12,53858,18579
CUST00106,13,83418,25237
CUST00107,17,125262,42351
CUST00108,11,75349,27129
CUST00109,5,34787,13828
CUST00110,14,131317,43637
CUST00111,16,156938,62488
CUST00112,15,113306,32415
CUST00113,8,62499,21544
CUST00114,9,59067,17141
CUST00115,10,58693,18991
CUST00116,9,56456,16623
CUST00117,13,112567,36916
CUST00118,7,31583,10463
CUST00119,13,103704,29892
CUST00120,5,22116,6175
CUST00121,15,127902,40407
CUST00122,11,95384,29194
CUST00123,7,60173,17627
CUST00124,8,23349,8089
CUST00125,8,51950,17039
CUST00126,12,76657,24213
CUST00127,9,53483,16783
CUST00128,9,67016,21427
CUST00129,10,71779,19960
CUST00130,11,75134,24217
CUST00131,8,37483,14296
CUST00132,13,88846,31262
CUST00133,8,70300,22441
CUST00134,14,107862,32469
CUST00135,7,45774,15789
CUST00136,11,63196,17580
CUST00137,9,90554,31484
CUST00138,7,72274,23880
CUST00139,17,116877,35653
CUST00140,9,70951,20473
CUST00141,9,94816,32461
CUST00142,11,84114,24817
CUST00143,12,62813,23862
CUST00144,10,46968,13480
CUST00145,5,16553,4034
CUST00146,10,52627,19779
CUST00147,8,55310,18075
CUST00148,9,59034,24052
CUST00149,14,116443,43695
CUST00150,7,29764,8238
CUST00151,9,68942,19132
CUST00152,13,106940,36705
CUST00153,8,45985,12405
CUST00154,14,119078,37643
CUST00155,11,94211,27990
CUST00156,9,72335,22286
CUST00157,7,49988,13664
CUST00158,7,30595,7577
CUST00159,8,67768,15790
CUST00160,9,39302,15278
CUST00161,14,99041,30914
CUST00162,15,115728,37866
CUST00163,8,58049,19519
CUST00164,7,77491,23823
CUST00165,13,122442,40129
CUST00166,10,56306,14992
CUST00167,10,92185,31054
CUST00168,9,66470,22051
CUST00169,12,110258,31544
CUST00170,6,41900,17322
CUST00171,8,76726,25608
CUST00172,10,67248,22056
CUST00173,4,21698,7766
CUST00174,8,52568,21810
CUST00175,10,77851,25330
CUST00176,11,85747,31088
CUST00177,8,66389,21637
CUST00178,9,71837,24188
CUST00179,12,87570,31668
CUST00180,9,82469,22939
CUST00181,6,44852,15177
CUST00182,7,65769,24361
CUST00183,7,45263,14347
CUST00184,6,34109,11485
CUST00185,13,135564,48355
CUST00186,12,68268,22411
CUST00187,12,121307,44986
CUST00188,11,66447,20814
CUST00189,9,67249,17259
CUST00190,8,56675,22119
CUST00191,12,82402,24776
CUST00192,8,79971,30966
CUST00193,7,68577,19310
CUST00194,11,84022,27433
CUST00195,9,71148,29287
CUST00196,12,68839,21529
CUST00197,8,105708,37705
CUST00198,11,108939,36932
CUST00199,8,82030,25000
CUST00200,9,44994,13680
CUST00201,9,61937,23019
CUST00202,15,111323,40317
CUST00203,8,47653,13388
CUST00204,10,71458,28947
CUST00205,15,107706,39404
CUST00206,8,42535,13516
CUST00207,9,98408,29995
CUST00208,15,96313,32311
CUST00209,8,26955,9680
CUST00210,15,113501,40555
CUST00211,6,55571,20721
CUST00212,11,54027,16052
CUST00213,5,43217,19529
CUST00214,10,54988,13663
CUST00215,8,63459,25498
CUST00216,11,82862,26060
CUST00217,9,72905,21539
CUST00218,4,25211,9486
CUST00219,9,62548,22957
CUST00220,13,66405,19883
CUST00221,17,146417,49642
CUST00222,5,37018,15957
CUST00223,11,110107,35930
CUST00224,8,102581,32257
CUST00225,9,51935,13504
CUST00226,11,82121,31337
CUST00227,17,117909,37427
CUST00228,14,117792,29750
CUST00229,9,86196,32080
CUST00230,13,147015,50742
CUST00231,12,78107,24187
CUST00232,10,72549,23851
CUST00233,11,59547,16052
CUST00234,12,87180,31371
CUST00235,9,62992,22489
CUST00236,8,68632,17680
CUST00237,13,111761,42248
CUST00238,10,75662,28854
CUST00239,15,53821,18546
CUST00240,16,110280,37900
CUST00241,12,108972,42241
CUST00242,13,64156,20525
CUST00243,13,107947,36073
CUST00244,11,45843,13127
CUST00245,13,131708,40610
CUST00246,8,43802,14369
CUST00247,16,88420,25139
CUST00248,6,60169,17849
CUST00249,8,44210,15263
CUST00250,12,132229,48303
CUST00251,9,73167,22454
CUST00252,4,33204,9038
CUST00253,11,78128,27309
CUST00254,10,95091,27104
CUST00255,10,87696,25371
CUST00256,14,122772,32789
CUST00257,18,150434,49928
CUST00258,11,80050,24651
CUST00259,14,84092,33127
CUST00260,13,87648,23372
CUST00261,11,83345,29089
CUST00262,8,57568,17734
CUST00263,7,74593,18314
CUST00264,10,96004,24597
CUST00265,13,132465,44431
CUST00266,13,116109,32514
CUST00267,9,67604,24465
CUST00268,11,85856,23573
CUST00269,8,50133,13848
CUST00270,15,108272,34304
CUST00271,15,113910,35484
CUST00272,10,62139,24880
CUST00273,12,102605,32509
CUST00274,5,28876,8000
CUST00275,3,31429,9825
CUST00276,15,107565,37092
CUST00277,11,63968,15008
CUST00278,14,129548,43172
CUST00279,6,34671,10779
CUST00280,12,59989,22478
CUST00281,5,44673,13524
CUST00282,7,33185,11743
CUST00283,8,44869,19216
CUST00284,9,91036,32064
CUST00285,13,142508,40762
CUST00286,7,32589,11330
CUST00287,4,18611,6219
CUST00288,10,87203,27425
CUST00289,5,26655,9524
CUST00290,13,79315,28801
CUST00291,13,86844,26409
CUST00292,6,60462,14813
CUST00293,13,80735,27961
CUST00294,10,85210,27509
CUST00295,9,88412,26287
CUST00296,9,93670,31114
CUST00297,8,40827,13034
CUST00298,5,41500,9912
CUST00299,10,66906,21036
CUST00300,12,98783,28420
CUST00301,5,45824,13830
CUST00302,16,124364,38288
CUST00303,7,33830,9631
CUST00304,14,108162,34405
CUST00305,7,60960,18990
CUST00306,14,137061,36374
CUST00307,15,89856,27338
CUST00308,13,90881,29553
CUST00309,9,79354,29842
CUST00310,10,74866,23438
CUST00311,8,54419,20121
CUST00312,9,40384,13875
CUST00313,6,25213,10325
CUST00314,11,133509,34104
CUST00315,6,39271,14510
CUST00316,8,69251,19660
CUST00317,8,39031,13018
CUST00318,14,159612,55673
CUST00319,8,70775,23597
CUST00320,8,63808,25026
CUST00321,7,46409,18618
CUST00322,9,56580,18843
CUST00323,4,36515,8801
CUST00324,6,19502,6659
CUST00325,12,139603,40968
CUST00326,8,58343,22688
CUST00327,8,80347,25738
CUST00328,11,128872,35668
CUST00329,12,121852,39575
CUST00330,12,75171,20138
CUST00331,6,44353,13521
CUST00332,13,90862,30334
CUST00333,14,136883,41816
CUST00334,8,58703,18413
CUST00335,8,69810,28281
CUST00336,12,85892,32544
CUST00337,6,46556,17231
CUST00338,9,103437,38474
CUST00339,10,95059,28103
CUST00340,7,25480,8895
CUST00341,20,162923,52197
CUST00342,11,93783,34440
CUST00343,12,117160,37515
CUST00344,11,47781,12924
CUST00345,8,70513,22993
CUST00346,6,26441,5421
CUST00347,5,45748,17627
CUST00348,9,83361,26964
CUST00349,12,112895,35716
CUST00350,11,82843,25965
CUST00351,11,75979,19179
CUST00352,7,48228,17182
CUST00353,11,62080,24720
CUST00354,11,54342,15174
CUST00355,10,55643,14152
CUST00356,9,76146,19352
CUST00357,10,88418,31933
CUST00358,14,104073,29227
CUST00359,11,86003,29844
CUST00360,13,157062,46594
CUST00361,14,151388,48013
CUST00362,10,84805,24328
CUST00363,10,118499,39490
CUST00364,11,87347,31619
CUST00365,15,99692,34880
CUST00366,7,49929,18717
CUST00367,8,59166,19676
CUST00368,6,51877,22944
CUST00369,16,109463,36405
CUST00370,8,80244,22081
CUST00371,13,101089,33718
CUST00372,6,45577,17589
CUST00373,10,65440,19321
CUST00374,6,44355,12033
CUST00375,9,51728,17114
CUST00376,14,118298,44924
CUST00377,11,95084,32953
CUST00378,9,88791,26476
CUST00379,8,82074,32298
CUST00380,7,77538,19851
CUST00381,10,76103,26157
CUST00382,7,65801,21069
CUST00383,9,63214,16978
CUST00384,11,97951,32927
CUST00385,5,54294,24810
CUST00386,7,31010,7178
CUST00387,13,68669,18472
CUST00388,12,111430,35003
CUST00389,10,92377,35903
CUST00390,12,80193,21555
CUST00391,11,56797,20012
CUST00392,16,115844,34820
CUST00393,13,153334,51995
CUST00394,14,129712,45068
CUST00395,9,83065,16754
CUST00396,9,92187,26453
CUST00397,5,39466,13067
CUST00398,6,24894,8313
CUST00399,10,64711,19929
CUST00400,8,46236,12733
CUST00401,13,107760,37972
CUST00402,8,29755,9292
CUST00403,13,113107,30900
CUST00404,11,102682,38572
CUST00405,10,71170,17496
CUST00406,8,61188,20804
CUST00407,8,59515,17183
CUST00408,12,85234,30903
CUST00409,7,49094,17108
CUST00410,8,93046,31923
CUST00411,6,39084,11972
CUST00412,9,72938,23444
CUST00413,9,61454,17165
CUST00414,11,73312,26594
CUST00415,10,95368,29121
CUST00416,8,39595,13438
CUST00417,10,72234,24476
CUST00418,7,43809,11372
CUST00419,8,67606,23209
CUST00420,14,88009,24282
CUST00421,11,114161,35261
CUST00422,9,65584,21147
CUST00423,11,68616,24013
CUST00424,6,39914,13477
CUST00425,11,130729,42720
CUST00426,8,55997,17456
CUST00427,3,47382,19935
CUST00428,10,64054,23463
CUST00429,4,43838,16810
CUST00430,7,46449,16313
CUST00431,4,27417,7810
CUST00432,10,61009,17849
CUST00433,12,80039,21497
CUST00434,9,84720,28731
CUST00435,11,62697,21502
CUST00436,10,67166,21272
CUST00437,12,86774,26696
CUST00438,12,61527,24320
CUST00439,5,26327,8864
CUST00440,5,39474,11791
CUST00441,15,121700,41512
CUST00442,13,99683,30684
CUST00443,12,93468,33553
CUST00444,14,71338,20467
CUST00445,8,45773,17450
CUST00446,9,68058,22993
CUST00447,14,91389,28985
CUST00448,4,16313,5004
CUST00449,13,114729,44971
CUST00450,16,108968,35035
CUST00451,7,93997,36430
CUST00452,7,61626,20506
CUST00453,12,99250,34748
CUST00454,10,56699,20536
CUST00455,7,37983,14659
CUST00456,9,106955,29235
CUST00457,10,45305,17466
CUST00458,6,36896,7635
CUST00459,11,84109,26545
CUST00460,14,119090,41546
CUST00461,16,118753,45151
CUST00462,13,91858,32281
CUST00463,5,39357,11616
CUST00464,9,82942,27663
CUST00465,15,119727,38538
CUST00466,6,21733,7856
CUST00467,7,41120,13387
CUST00468,8,76181,21711
CUST00469,8,46773,16388
CUST00470,6,29466,8225
CUST00471,14,101523,30437
CUST00472,11,86078,30740
CUST00473,12,91365,28455
CUST00474,9,39957,11732
CUST00475,9,65716,28598
CUST00476,9,84038,28514
CUST00477,3,6957,2274
CUST00478,9,57727,18097
CUST00479,12,70818,25914
CUST00480,10,60977,22248
CUST00481,6,66405,20181
CUST00482,7,44372,14109
CUST00483,9,72342,25664
CUST00484,8,73089,26000
CUST00485,10,92378,35354
CUST00486,6,43588,13714
CUST00487,6,40030,14185
CUST00488,9,66235,17819
CUST00489,13,79489,26187
CUST00490,11,80290,22041
CUST00491,10,90246,33519
CUST00492,8,32364,10773
CUST00493,11,105372,38475
CUST00494,12,65616,25781
CUST00495,7,51098,12603
CUST00496,10,80605,28116
CUST00497,13,72553,28302
CUST00498,15,74161,20707
CUST00499,11,70994,24796
CUST00500,10,92161,22217
CUST00501,11,80370,22483
CUST00502,5,50377,12678
CUST00503,9,69944,23138
CUST00504,9,86877,29765
CUST00505,16,100350,32529
CUST00506,10,56414,16287
CUST00507,10,60347,22297
CUST00508,9,63931,18666
CUST00509,11,84812,25947
CUST00510,8,90288,30205
CUST00511,12,67699,19232
CUST00512,5,29508,9941
CUST00513,13,85706,25719
CUST00514,14,114116,33633
CUST00515,16,145098,49381
CUST00516,12,82026,25226
CUST00517,10,51960,15098
CUST00518,11,84211,25859
CUST00519,9,47745,17290
CUST00520,11,79500,28538
CUST00521,7,86804,23934
CUST00522,11,83582,32480
CUST00523,15,155706,52336
CUST00524,13,70563,19755
CUST00525,10,67386,21174
CUST00526,9,68087,19237
CUST00527,10,99603,34185
CUST00528,11,66165,23017
CUST00529,11,80121,23659
CUST00530,13,125084,44220
CUST00531,13,86394,32078
CUST00532,15,105536,29744
CUST00533,6,58791,17072
CUST00534,10,112780,30818
CUST00535,6,21373,5353
CUST00536,10,82238,30418
CUST00537,9,59114,19791
CUST00538,14,141274,45772
CUST00539,11,97564,27569
CUST00540,12,70087,23982
CUST00541,14,122797,40049
CUST00542,13,96069,34261
CUST00543,14,150464,43788
CUST00544,6,41007,11781
CUST00545,14,123205,34848
CUST00546,16,145905,45584
CUST00547,10,52945,15634
CUST00548,6,59117,21367
CUST00549,6,58338,18814
CUST00550,7,37345,9946
CUST00551,6,41736,13972
CUST00552,9,82560,22139
CUST00553,10,80213,25047
CUST00554,8,33535,10372
CUST00555,11,87508,21951
CUST00556,15,106991,36565
CUST00557,11,90912,29752
CUST00558,10,54243,20186
CUST00559,7,39991,12697
CUST00560,15,141390,46442
CUST00561,16,124753,41295
CUST00562,10,75508,23838
CUST00563,9,41267,14738
CUST00564,4,27692,10513
CUST00565,7,84595,23543
CUST00566,11,91367,27701
CUST00567,8,81230,28104
CUST00568,16,158261,55757
CUST00569,9,69308,25539
CUST00570,10,57924,17422
CUST00571,9,55832,19488
CUST00572,13,114972,34621
CUST00573,11,83329,30145
CUST00574,8,66347,22105
CUST00575,16,127648,37552
CUST00576,12,109932,28975
CUST00577,9,61145,20252
CUST00578,10,86756,27445
CUST00579,10,55235,16144
CUST00580,10,50812,14597
CUST00581,14,146947,55138
CUST00582,8,80142,25740
CUST00583,8,71973,21579
CUST00584,15,89847,30589
CUST00585,7,41467,13012
CUST00586,5,44887,14734
CUST00587,6,46636,17872
CUST00588,9,81474,25512
CUST00589,7,71311,20517
CUST00590,14,71113,22034
CUST00591,7,55742,15062
CUST00592,12,68689,24027
CUST00593,10,100062,32192
CUST00594,13,110361,38939
CUST00595,8,33648,10560
CUST00596,16,72961,21649
CUST00597,8,50919,17128
CUST00598,10,40329,14048
CUST00599,9,55456,17720
CUST00600,13,97268,29218
CUST00601,18,128258,48295
CUST00602,9,73878,27280
CUST00603,14,123195,37537
CUST00604,9,75024,23250
CUST00605,15,96511,30554
CUST00606,14,99135,33489
CUST00607,6,61441,19446
CUST00608,10,106864,34415
CUST00609,9,62423,18893
CUST00610,10,79260,31733
CUST00611,11,74734,29329
CUST00612,11,103148,30890
CUST00613,9,78455,23888
CUST00614,13,76939,24318
CUST00615,11,98386,28294
CUST00616,15,103830,34916
CUST00617,12,143269,43753
CUST00618,14,127015,42378
CUST00619,10,62314,19157
CUST00620,10,74057,26353
CUST00621,14,54515,18878
CUST00622,6,38217,11924
CUST00623,12,79470,22756
CUST00624,9,43031,14046
CUST00625,3,22587,8591
CUST00626,8,101156,25456
CUST00627,6,33815,11102
CUST00628,7,29726,9977
CUST00629,9,87677,33644
CUST00630,13,113094,42962
CUST00631,10,52264,18784
CUST00632,11,74838,22789
CUST00633,7,33863,13268
CUST00634,12,96812,34781
CUST00635,11,61124,21572
CUST00636,6,44792,13562
CUST00637,13,96335,27683
CUST00638,11,99271,31262
CUST00639,10,88859,26847
CUST00640,9,39766,13591
CUST00641,5,19981,3868
CUST00642,11,63139,22169
CUST00643,7,58057,16503
CUST00644,12,69811,29229
CUST00645,6,47026,11963
CUST00646,17,95765,31882
CUST00647,7,58560,16843
CUST00648,16,126197,33642
CUST00649,7,84801,30953
CUST00650,12,72452,26960
CUST00651,10,76168,27657
CUST00652,7,66920,27003
CUST00653,8,43426,12175
CUST00654,7,41170,14521
CUST00655,13,96948,27766
CUST00656,6,54332,19315
CUST00657,9,100163,35148
CUST00658,7,38969,12209
CUST00659,12,119861,43123
CUST00660,9,81640,23957
CUST00661,14,77280,28298
CUST00662,15,187989,61130
CUST00663,8,60910,16946
CUST00664,12,104236,43529
CUST00665,5,34957,11403
CUST00666,10,116008,46395
CUST00667,10,88581,34564
CUST00668,8,67966,22440
CUST00669,7,49168,16508
CUST00670,10,76736,21414
CUST00671,9,42862,14249
CUST00672,14,80532,26707
CUST00673,7,56560,18024
CUST00674,8,51899,13216
CUST00675,7,53070,18573
CUST00676,15,172343,54099
CUST00677,10,61216,21493
CUST00678,10,62038,19454
CUST00679,9,35356,8672
CUST00680,9,69516,26767
CUST00681,9,76354,22943
CUST00682,5,41458,10712
CUST00683,7,37944,12448
CUST00684,9,71811,24410
CUST00685,12,70091,24616
CUST00686,9,79408,26960
CUST00687,10,64644,22324
CUST00688,11,62886,24621
CUST00689,7,64327,17864
CUST00690,12,148065,47685
CUST00691,9,81249,24836
CUST00692,7,57425,23097
CUST00693,8,102743,34450
CUST00694,14,94958,31265
CUST00695,7,73393,25047
CUST00696,7,62692,23584
CUST00697,6,28434,11825
CUST00698,5,45479,17093
CUST00699,14,117413,33402
CUST00700,9,69201,25842
CUST00701,10,60949,19841
CUST00702,8,80348,28143
CUST00703,11,74262,23085
CUST00704,14,135638,45872
CUST00705,11,101805,38146
CUST00706,9,94530,29539
CUST00707,8,63270,20225
CUST00708,11,64780,20377
CUST00709,2,21080,8151
CUST00710,8,49591,16703
CUST00711,11,88867,25797
CUST00712,10,107998,38604
CUST00713,10,71577,16273
CUST00714,10,92610,27503
CUST00715,14,121846,38061
CUST00716,8,38991,14410
CUST00717,11,108492,31708
CUST00718,8,79966,23615
CUST00719,8,76338,26267
CUST00720,15,100020,35393
CUST00721,6,38782,10316
CUST00722,14,128469,48020
CUST00723,11,59977,19523
CUST00724,12,116147,42228
CUST00725,13,138933,40496
CUST00726,6,38881,10526
CUST00727,9,59902,20363
CUST00728,5,20405,6812
CUST00729,9,77132,24356
CUST00730,9,70482,21665
CUST00731,10,38818,11425
CUST00732,8,50530,14743
CUST00733,18,149575,52365
CUST00734,8,49394,12806
CUST00735,8,72614,20528
CUST00736,8,42230,12073
CUST00737,7,60016,19026
CUST00738,8,85962,31606
CUST00739,5,60841,24959
CUST00740,7,63571,21124
CUST00741,11,66290,18834
CUST00742,17,86045,29811
CUST00743,10,84999,26382
CUST00744,14,106414,38703
CUST00745,10,90203,33370
CUST00746,8,60306,18299
CUST00747,12,60637,14452
CUST00748,8,53696,16247
CUST00749,9,82271,27712
CUST00750,8,56536,19541
CUST00751,7,58030,21926
CUST00752,9,94557,31717
CUST00753,9,57122,21052
CUST00754,13,120814,39175
CUST00755,11,97594,29424
CUST00756,14,94092,34659
CUST00757,11,112139,36467
CUST00758,9,48224,13562
CUST00759,7,49627,12830
CUST00760,12,80909,19474
CUST00761,12,88295,25975
CUST00762,14,96987,31586
CUST00763,11,117666,35452
CUST00764,11,68009,20264
CUST00765,7,46054,13611
CUST00766,8,61401,16042
CUST00767,7,47332,17467
CUST00768,10,56585,23659
CUST00769,14,106583,35904
CUST00770,9,31713,11876
CUST00771,10,96133,25997
CUST00772,12,99979,35402
CUST00773,9,77434,22535
CUST00774,9,77566,25682
CUST00775,11,87270,23921
CUST00776,12,103906,30057
CUST00777,5,25979,9760
CUST00778,6,45974,16032
CUST00779,13,85680,23659
CUST00780,6,51332,19611
CUST00781,4,38742,14541
CUST00782,9,49473,13160
CUST00783,16,145263,54336
CUST00784,10,71056,26492
CUST00785,9,66214,19791
CUST00786,16,103262,26104
CUST00787,10,100507,26815
CUST00788,15,135636,45783
CUST00789,10,80346,25573
CUST00790,12,86359,34265
CUST00791,10,103079,40412
CUST00792,15,85874,25511
CUST00793,14,104980,41483
CUST00794,11,96609,24632
CUST00795,8,48700,15582
CUST00796,7,71023,17706
CUST00797,9,29497,10788
CUST00798,20,129638,37580
CUST00799,11,98013,29955
CUST00800,5,33600,12202
CUST00801,10,52947,15825
CUST00802,4,14109,3717
CUST00803,9,81217,23348
CUST00804,15,89804,33880
CUST00805,16,127732,47747
CUST00806,14,90392,27736
CUST00807,14,98044,27236
CUST00808,9,75469,22786
CUST00809,10,98945,32414
CUST00810,10,99316,34829
CUST00811,12,67350,22597
CUST00812,8,71950,24643
CUST00813,6,30497,10998
CUST00814,13,108440,34857
CUST00815,10,84040,26871
CUST00816,19,167608,56198
CUST00817,7,31412,12737
CUST00818,8,40032,10658
CUST00819,11,40417,12589
CUST00820,10,73731,20955
CUST00821,10,86880,28383
CUST00822,9,47808,16476
CUST00823,12,78121,25853
CUST00824,11,99276,40145
CUST00825,10,70745,25845
CUST00826,14,87390,31097
CUST00827,8,34786,12856
CUST00828,12,73068,19183
CUST00829,3,28965,9780
CUST00830,6,48497,16085
CUST00831,9,98087,34116
CUST00832,7,45827,18779
CUST00833,7,36699,11664
CUST00834,10,62032,13312
CUST00835,12,88964,33583
CUST00836,9,72135,23488
CUST00837,9,68901,23108
CUST00838,10,52153,12874
CUST00839,11,117481,38340
CUST00840,4,42949,15168
CUST00841,10,79781,26222
CUST00842,14,121608,37778
CUST00843,6,38813,14710
CUST00844,7,37933,11082
CUST00845,13,113384,39975
CUST00846,10,58423,22583
CUST00847,4,26478,8269
CUST00848,10,67042,21631
CUST00849,7,53197,20674
CUST00850,11,59132,18646
CUST00851,11,94602,24546
CUST00852,10,88745,29640
CUST00853,6,39548,13596
CUST00854,5,63737,18194
CUST00855,15,151238,41457
CUST00856,11,82092,27732
CUST00857,5,41894,15057
CUST00858,13,87066,33003
CUST00859,7,64210,17764
CUST00860,7,71014,26801
CUST00861,13,85697,26451
CUST00862,10,81958,26511
CUST00863,7,48491,15717
CUST00864,7,59339,24196
CUST00865,10,67701,28680
CUST00866,7,67575,22614
CUST00867,4,41561,15164
CUST00868,12,83668,28111
CUST00869,6,51221,14638
CUST00870,10,51499,19686
CUST00871,12,99102,31643
CUST00872,8,77416,22488
CUST00873,7,27463,10383
CUST00874,9,62072,20484
CUST00875,11,88008,28314
CUST00876,11,101253,32708
CUST00877,8,51873,19523
CUST00878,14,138255,40777
CUST00879,10,74679,24428
CUST00880,6,62456,17213
CUST00881,9,96034,28969
CUST00882,8,52712,14511
CUST00883,18,130575,48551
CUST00884,11,102258,21736
CUST00885,6,27313,7971
CUST00886,14,116092,39658
CUST00887,12,79212,25431
CUST00888,8,53957,13508
CUST00889,14,145730,44871
CUST00890,15,79776,21922
CUST00891,5,36220,12242
CUST00892,11,116898,40171
CUST00893,10,44039,15619
CUST00894,7,51455,12117
CUST00895,9,36730,9242
CUST00896,11,71669,27354
CUST00897,6,67332,23042
CUST00898,14,47670,13574
CUST00899,5,53141,14982
CUST00900,9,73950,27925
CUST00901,13,123067,45542
CUST00902,10,79752,23854
CUST00903,8,86898,29740
CUST00904,9,93869,29993
CUST00905,15,95281,34027
CUST00906,9,76634,22464
CUST00907,11,78434,23964
CUST00908,11,92623,26364
CUST00909,4,20434,6632
CUST00910,10,56696,17407
CUST00911,11,89191,32661
CUST00912,6,40163,14658
CUST00913,11,66690,21430
CUST00914,12,81436,28277
CUST00915,7,48368,15407
CUST00916,15,109585,30939
CUST00917,17,112769,35579
CUST00918,12,72604,25145
CUST00919,13,99963,30428
CUST00920,11,90462,31780
CUST00921,12,78009,27775
CUST00922,9,69201,22530
CUST00923,16,87967,29852
CUST00924,10,108803,35178
CUST00925,10,85238,30593
CUST00926,7,51759,10494
CUST00927,6,30666,10036
CUST00928,8,93790,27761
CUST00929,5,61790,12033
CUST00930,14,107583,40115
CUST00931,12,103664,36725
CUST00932,8,55668,12670
CUST00933,8,66458,21821
CUST00934,7,64532,22515
CUST00935,5,62922,23736
CUST00936,16,94714,33026
CUST00937,3,22928,7542
CUST00938,11,49334,15890
CUST00939,13,109346,37199
CUST00940,15,137142,50008
CUST00941,7,54924,17829
CUST00942,15,123336,38989
CUST00943,9,64316,18401
CUST00944,9,60631,17477
CUST00945,16,72845,25603
CUST00946,10,48607,17715
CUST00947,10,57254,21548
CUST00948,16,139795,47377
CUST00949,14,79792,22087
CUST00950,12,114411,44835
CUST00951,9,79737,23581
CUST00952,12,105194,26380
CUST00953,6,29978,8233
CUST00954,12,118057,27662
CUST00955,15,129463,42228
CUST00956,8,42779,11821
CUST00957,16,130018,40760
CUST00958,8,48203,16747
CUST00959,10,43822,14816
CUST00960,10,59487,18090
CUST00961,7,55703,20650
CUST00962,8,38603,10123
CUST00963,9,66514,21792
CUST00964,6,53404,20447
CUST00965,9,92392,31905
CUST00966,9,79733,25806
CUST00967,8,49806,16410
CUST00968,5,32777,9603
CUST00969,16,180810,54673
CUST00970,12,126520,35015
CUST00971,5,44179,13696
CUST00972,5,22037,6975
CUST00973,15,122803,37708
CUST00974,9,67294,18617
CUST00975,15,94747,29467
CUST00976,14,112539,30614
CUST00977,16,137544,46164
CUST00978,10,70216,22604
CUST00979,7,34366,10882
CUST00980,10,84515,27855
CUST00981,5,25050,8557
CUST00982,12,76550,25572
CUST00983,10,67867,24238
CUST00984,10,116578,40016
CUST00985,19,148003,42248
CUST00986,9,97417,33832
CUST00987,9,58860,17436
CUST00988,20,102724,29878
CUST00989,13,92771,21188
CUST00990,14,124050,46492
CUST00991,14,91245,29061
CUST00992,12,80689,25912
CUST00993,14,135046,43994
CUST00994,5,53474,17328
CUST00995,8,74863,21556
CUST00996,10,95422,38546
CUST00997,7,56256,21248
CUST00998,7,57854,21747
CUST00999,13,104050,35438
CUST01000,7,62903,16923
CUST01001,4,50358,12874
CUST01002,8,71068,24905
CUST01003,8,96670,30856
CUST01004,6,65268,19164
CUST01005,11,93797,26159
CUST01006,5,52450,13376
CUST01007,11,88704,30333
CUST01008,8,54919,17211
CUST01009,11,89166,29388
CUST01010,13,90218,30398
CUST01011,7,55460,19474
CUST01012,10,74401,22837
CUST01013,11,119974,41961
CUST01014,11,103353,31143
CUST01015,14,107110,33291
CUST01016,11,94685,30606
CUST01017,14,101402,36752
CUST01018,9,73179,27567
CUST01019,10,117940,42231
CUST01020,12,78812,26761
CUST01021,9,50815,15732
CUST01022,4,59910,19582
CUST01023,7,37856,13938
CUST01024,14,116484,33891
CUST01025,9,83627,26007
CUST01026,12,86737,27847
CUST01027,12,73663,16448
CUST01028,4,13651,4743
CUST01029,13,84377,26676
CUST01030,12,114419,38471
CUST01031,8,61870,15358
CUST01032,9,47720,14051
CUST01033,11,92024,34876
CUST01034,7,38922,13299
CUST01035,4,23886,6004
CUST01036,6,37526,15081
CUST01037,9,93612,28336
CUST01038,14,136175,40143
CUST01039,7,18458,6007
CUST01040,9,113040,34667
CUST01041,9,47832,14909
CUST01042,12,78855,27782
CUST01043,12,92260,28587
CUST01044,6,55442,20250
CUST01045,7,43935,15965
CUST01046,6,31233,9254
CUST01047,10,115860,39453
CUST01048,10,80743,26868
CUST01049,6,31398,10847
CUST01050,9,36987,11905
CUST01051,11,75586,25210
CUST01052,8,48969,19303
CUST01053,10,76684,28320
CUST01054,6,37929,14740
CUST01055,8,81503,23295
CUST01056,11,90471,25256
CUST01057,10,86904,28953
CUST01058,9,102316,30696
CUST01059,17,135493,41249
CUST01060,10,56431,18186
CUST01061,9,45557,16130
CUST01062,7,52710,22566
CUST01063,6,48990,17258
CUST01064,10,108749,30756
CUST01065,13,107788,38736
CUST01066,7,40571,11039
CUST01067,12,81204,25075
CUST01068,15,94178,33888
CUST01069,9,51297,18793
CUST01070,13,105378,28087
CUST01071,15,58627,16803
CUST01072,7,66373,24331
CUST01073,6,38999,10433
CUST01074,8,46491,16012
CUST01075,13,89956,27425
CUST01076,14,98728,32582
CUST01077,13,90962,25447
CUST01078,10,122977,39742
CUST01079,7,36023,8914
CUST01080,8,46045,12628
CUST01081,12,77916,29237
CUST01082,13,72743,22497
CUST01083,12,103595,35749
CUST01084,12,67774,19143
CUST01085,6,45834,17164
CUST01086,9,70132,19801
CUST01087,7,73693,28524
CUST01088,6,61979,21229
CUST01089,15,129237,39782
CUST01090,10,61849,18591
CUST01091,6,35269,9991
CUST01092,9,63186,18094
CUST01093,4,16007,5049
CUST01094,13,106870,35301
CUST01095,8,48551,16254
CUST01096,6,56674,16879
CUST01097,12,87472,29333
CUST01098,4,19879,5135
CUST01099,21,222035,80610
CUST01100,6,46477,16305
CUST01101,13,105897,31106
CUST01102,7,36847,9341
CUST01103,8,73608,21888
CUST01104,11,88369,32651
CUST01105,13,116617,33212
CUST01106,11,57443,14533
CUST01107,9,100258,32700
CUST01108,10,89324,33121
CUST01109,8,52176,15906
CUST01110,10,63897,23953
CUST01111,9,61521,19565
CUST01112,7,60683,16076
CUST01113,12,144017,51424
CUST01114,6,49961,18104
CUST01115,5,26765,10519
CUST01116,7,77791,19278
CUST01117,13,110908,42198
CUST01118,10,74032,29684
CUST01119,7,73323,25178
CUST01120,8,57543,22446
CUST01121,9,74392,22249
CUST01122,8,62132,15402
CUST01123,9,54363,17907
CUST01124,13,138186,59203
CUST01125,13,122979,37352
CUST01126,10,107064,39881
CUST01127,9,60594,15819
CUST01128,12,56030,16887
CUST01129,11,97243,26972
CUST01130,17,127668,47745
CUST01131,9,56763,18099
CUST01132,8,46646,15587
CUST01133,13,73373,27567
CUST01134,10,97064,31219
CUST01135,9,70057,19994
CUST01136,14,73864,22739
CUST01137,14,104954,28447
CUST01138,6,28644,11408
CUST01139,11,94790,30670
CUST01140,7,35456,11763
CUST01141,8,52389,15570
CUST01142,12,87697,32001
CUST01143,8,65027,15881
CUST01144,13,79081,22496
CUST01145,10,60579,18207
CUST01146,9,56159,21085
CUST01147,8,36959,12301
CUST01148,11,97010,33533
CUST01149,10,53087,13823
CUST01150,8,43490,12645
CUST01151,6,62363,20206
CUST01152,7,60681,22205
CUST01153,11,88905,31770
CUST01154,8,50649,19174
CUST01155,9,87919,26420
CUST01156,10,96612,32538
CUST01157,8,84729,26246
CUST01158,5,21552,5899
CUST01159,8,49624,12777
CUST01160,6,29966,11670
CUST01161,12,108241,34810
CUST01162,10,94337,28376
CUST01163,4,40143,12852
CUST01164,6,73680,28163
CUST01165,10,66246,18166
CUST01166,10,84323,26084
CUST01167,9,51828,17701
CUST01168,7,54330,19535
CUST01169,8,44519,15731
CUST01170,15,91649,35416
CUST01171,7,50177,16194
CUST01172,7,29858,10184
CUST01173,12,78457,24364
CUST01174,8,68047,23375
CUST01175,6,54990,16735
CUST01176,2,16230,7650
CUST01177,14,117673,38545
CUST01178,18,148482,50233
CUST01179,7,43811,14201
CUST01180,10,53575,14703
CUST01181,10,74872,21987
CUST01182,11,84668,25329
CUST01183,7,70910,24434
CUST01184,9,81412,29474
CUST01185,14,114697,35663
CUST01186,13,103914,28768
CUST01187,14,128071,46576
CUST01188,8,52487,18512
CUST01189,7,61578,23066
CUST01190,11,125455,36906
CUST01191,13,138503,47653
CUST01192,11,73467,23594
CUST01193,9,102837,37048
CUST01194,7,45116,14008
CUST01195,9,100772,34789
CUST01196,9,65241,19051
CUST01197,14,143893,46077
CUST01198,8,86494,28630
CUST01199,13,109281,37088
CUST01200,4,33820,12913
CUST01201,8,94852,29390
CUST01202,8,70239,26386
CUST01203,7,66141,16022
CUST01204,15,98606,28666
CUST01205,7,38298,11558
CUST01206,10,101000,30057
CUST01207,8,43452,15801
CUST01208,11,61831,17947
CUST01209,14,165131,57135
CUST01210,12,99500,23361
CUST01211,11,77169,27746
CUST01212,4,42062,12894
CUST01213,10,72868,24670
CUST01214,9,88280,27960
CUST01215,10,66737,20212
CUST01216,6,49113,14885
CUST01217,16,89225,22664
CUST01218,10,101527,29891
CUST01219,11,63558,18093
CUST01220,4,30678,7885
CUST01221,10,105138,26413
CUST01222,7,47707,15908
CUST01223,10,77475,23151
CUST01224,11,94444,38193
CUST01225,12,72608,21809
CUST01226,14,120115,38383
CUST01227,9,91141,27760
CUST01228,5,36333,12220
CUST01229,7,56079,20199
CUST01230,8,82179,25807
CUST01231,10,53409,18358
CUST01232,10,104401,30154
CUST01233,10,57142,19452
CUST01234,9,103991,30200
CUST01235,7,53249,18005
CUST01236,15,134832,44913
CUST01237,9,30606,10508
CUST01238,11,63347,20183
CUST01239,17,91585,30111
CUST01240,7,45083,13920
CUST01241,9,101971,29554
CUST01242,11,84290,30132
CUST01243,14,98631,37663
CUST01244,12,71227,23155
CUST01245,16,132621,53045
CUST01246,10,116081,40287
CUST01247,7,47942,17922
CUST01248,8,55024,13971
CUST01249,15,69676,22012
CUST01250,11,85358,27662
CUST01251,17,93549,34887
CUST01252,13,81982,24572
CUST01253,13,84351,29168
CUST01254,5,20066,6240
CUST01255,7,47381,18382
CUST01256,9,81507,29129
CUST01257,17,153060,50686
CUST01258,11,100700,31957
CUST01259,9,43366,11406
CUST01260,9,57084,18330
CUST01261,10,84132,24913
CUST01262,9,81702,30501
CUST01263,12,148703,48057
CUST01264,10,82764,24734
CUST01265,9,83134,30730
CUST01266,11,64213,23086
CUST01267,8,70766,28807
CUST01268,5,27020,7571
CUST01269,17,150773,53422
CUST01270,14,127755,44847
CUST01271,5,35251,10620
CUST01272,12,34883,11366
CUST01273,8,48807,16915
CUST01274,7,65211,21131
CUST01275,12,66255,23498
CUST01276,9,60618,21308
CUST01277,7,51812,16779
CUST01278,9,77452,22265
CUST01279,7,47677,14435
CUST01280,10,96801,25099
CUST01281,14,89913,29816
CUST01282,7,58275,18995
CUST01283,3,12385,5097
CUST01284,13,82836,22803
CUST01285,19,146702,52305
CUST01286,8,86816,24742
CUST01287,10,92973,35608
CUST01288,11,67617,20917
CUST01289,4,46053,10390
CUST01290,9,44444,13611
CUST01291,8,99324,30975
CUST01292,9,39789,11807
CUST01293,9,72902,30027
CUST01294,9,66337,21038
CUST01295,11,97949,33907
CUST01296,12,85638,31469
CUST01297,10,86994,35815
CUST01298,5,25267,9190
CUST01299,9,57456,17093
CUST01300,15,120489,45287
CUST01301,9,74696,28799
CUST01302,11,50049,18293
CUST01303,11,96051,30820
CUST01304,5,43631,13410
CUST01305,11,68871,21698
CUST01306,11,61332,17898
CUST01307,10,75969,21421
CUST01308,15,117320,40346
CUST01309,16,148672,48181
CUST01310,6,19498,5542
CUST01311,10,68281,22162
CUST01312,11,77281,26360
CUST01313,15,152538,48840
CUST01314,7,55281,21152
CUST01315,7,45467,16448
CUST01316,12,111181,37344
CUST01317,15,143342,45947
CUST01318,10,102927,37526
CUST01319,8,78710,30407
CUST01320,5,29999,14147
CUST01321,10,83934,26890
CUST01322,10,93490,32092
CUST01323,6,30785,10805
CUST01324,8,63492,17905
CUST01325,9,51009,15722
CUST01326,8,59643,17971
CUST01327,9,83016,30456
CUST01328,10,68631,25273
CUST01329,6,41752,13777
CUST01330,12,45189,15934
CUST01331,11,116838,39622
CUST01332,9,92454,27318
CUST01333,14,87077,28528
CUST01334,11,94796,39113
CUST01335,8,27832,7788
CUST01336,7,42210,13578
CUST01337,7,43285,12567
CUST01338,8,53008,18638
CUST01339,12,106631,35369
CUST01340,4,25293,7416
CUST01341,9,59915,20461
CUST01342,15,109857,32522
CUST01343,9,52622,20440
CUST01344,9,99274,26021
CUST01345,9,57196,19035
CUST01346,15,108506,31199
CUST01347,2,18430,8968
CUST01348,8,54431,15889
CUST01349,9,82287,29439
CUST01350,5,40297,10684
CUST01351,11,100025,32172
CUST01352,12,71729,19820
CUST01353,8,93455,30346
CUST01354,17,132263,29603
CUST01355,13,94601,27970
CUST01356,8,60158,18216
CUST01357,10,60053,16238
CUST01358,15,99564,31275
CUST01359,9,64458,17128
CUST01360,15,79977,22015
CUST01361,18,130116,42662
CUST01362,10,94732,31756
CUST01363,11,77121,25759
CUST01364,13,90786,24734
CUST01365,9,82959,26660
CUST01366,15,129509,38562
CUST01367,10,111326,30510
CUST01368,7,48912,15066
CUST01369,12,74609,26667
CUST01370,9,75024,20615
CUST01371,8,65180,19550
CUST01372,14,117944,40913
CUST01373,3,13861,4200
CUST01374,5,29686,6114
CUST01375,6,47024,11390
CUST01376,11,94947,34536
CUST01377,9,76649,28639
CUST01378,10,88441,24003
CUST01379,13,53988,15308
CUST01380,8,66952,21016
CUST01381,9,70044,21121
CUST01382,13,79519,24828
CUST01383,15,159092,48789
CUST01384,10,59731,19128
CUST01385,10,109033,30210
CUST01386,7,41484,14160
CUST01387,10,95885,33157
CUST01388,13,106207,29864
CUST01389,11,99390,31808
CUST01390,11,151980,52549
CUST01391,10,95622,33396
CUST01392,11,75666,23845
CUST01393,12,114337,39524
CUST01394,11,123914,38153
CUST01395,15,134680,46847
CUST01396,7,18741,5441
CUST01397,9,106021,33262
CUST01398,14,119576,35936
CUST01399,5,30006,11176
CUST01400,12,89956,24892
CUST01401,9,62352,19507
CUST01402,13,113015,34207
CUST01403,5,27703,6927
CUST01404,17,122260,36903
CUST01405,9,69456,15344
CUST01406,17,179893,64180
CUST01407,5,72645,21082
CUST01408,8,57252,18487
CUST01409,15,148099,42765
CUST01410,14,103013,35471
CUST01411,7,62206,19920
CUST01412,9,67659,21151
CUST01413,9,76318,27910
CUST01414,10,88142,31347
CUST01415,3,23846,9266
CUST01416,9,87553,28697
CUST01417,15,128605,45774
CUST01418,19,203584,66575
CUST01419,12,78013,28183
CUST01420,13,111846,36290
CUST01421,10,69306,21179
CUST01422,9,87166,30715
CUST01423,8,93245,36322
CUST01424,11,105600,37212
CUST01425,6,44752,12164
CUST01426,15,98812,26739
CUST01427,7,96272,37411
CUST01428,8,86186,27355
CUST01429,7,29745,11888
CUST01430,8,59063,17551
CUST01431,6,62756,20998
CUST01432,8,42326,14814
CUST01433,10,66083,25383
CUST01434,5,41551,12466
CUST01435,5,57765,17533
CUST01436,6,51289,16504
CUST01437,14,126666,40298
CUST01438,11,60961,19572
CUST01439,12,140511,42015
CUST01440,11,85240,28864
CUST01441,14,132483,37981
CUST01442,6,23863,7975
CUST01443,7,70201,18160
CUST01444,7,48230,14765
CUST01445,7,101073,39419
CUST01446,12,92170,27803
CUST01447,19,144186,50381
CUST01448,11,40177,14596
CUST01449,6,69824,26286
CUST01450,13,135715,40855
CUST01451,9,88528,29472
CUST01452,10,80489,23131
CUST01453,10,57926,15606
CUST01454,4,43345,13888
CUST01455,9,75380,23866
CUST01456,10,50529,17366
CUST01457,8,29230,9425
CUST01458,5,52596,21136
CUST01459,12,106682,41974
CUST01460,13,103754,40948
CUST01461,9,77107,26318
CUST01462,11,94358,37183
CUST01463,11,67540,23709
CUST01464,10,121267,43943
CUST01465,10,76989,27529
CUST01466,12,99797,30990
CUST01467,11,103599,36334
CUST01468,9,66557,19213
CUST01469,15,81514,27298
CUST01470,8,65603,19658
CUST01471,9,59918,23455
CUST01472,17,159334,58415
CUST01473,8,47442,14171
CUST01474,12,96901,31251
CUST01475,9,100311,31273
CUST01476,7,74901,26239
CUST01477,10,96318,28513
CUST01478,7,30245,8078
CUST01479,9,71028,23466
CUST01480,13,60100,17600
CUST01481,10,72184,24056
CUST01482,9,55686,19340
CUST01483,10,120112,48051
CUST01484,6,37987,11368
CUST01485,7,47647,14124
CUST01486,11,73749,29514
CUST01487,11,85783,23468
CUST01488,9,51758,17009
CUST01489,12,100926,35644
CUST01490,6,44191,15304
CUST01491,7,60518,19689
CUST01492,9,70524,23475
CUST01493,8,38642,13435
CUST01494,8,43592,14225
CUST01495,11,85204,30510
CUST01496,11,105671,35661
CUST01497,7,78404,21810
CUST01498,12,67055,17624
CUST01499,7,83933,27267
CUST01500,10,80646,24196
CUST01501,15,102322,33778
CUST01502,10,121014,37916
CUST01503,13,115861,27517
CUST01504,6,39505,14193
CUST01505,7,71395,24751
CUST01506,13,118469,41721
CUST01507,10,124548,37448
CUST01508,9,79379,26820
CUST01509,10,71077,22153
CUST01510,7,66695,23798
CUST01511,12,90790,39127
CUST01512,7,52453,16543
CUST01513,8,58875,18722
CUST01514,6,30536,9346
CUST01515,9,63662,22754
CUST01516,15,123663,46424
CUST01517,10,79609,28408
CUST01518,13,55053,16149
CUST01519,9,77339,25574
CUST01520,5,37000,15108
CUST01521,3,39554,15251
CUST01522,15,139678,37289
CUST01523,10,56044,18228
CUST01524,13,133387,39311
CUST01525,7,50788,20266
CUST01526,12,84590,24856
CUST01527,15,104053,31001
CUST01528,7,47461,16251
CUST01529,8,70108,25516
CUST01530,14,109458,29689
CUST01531,3,11257,4854
CUST01532,15,101418,36063
CUST01533,12,81711,27478
CUST01534,9,84100,33819
CUST01535,10,75511,24496
CUST01536,14,117946,30474
CUST01537,2,4316,1865
CUST01538,15,122158,42973
CUST01539,11,101117,24508
CUST01540,4,17195,4486
CUST01541,18,162773,48527
CUST01542,8,53570,18498
CUST01543,16,97104,29602
CUST01544,13,102421,32317
CUST01545,7,62956,20104
CUST01546,16,109507,32807
CUST01547,9,67175,18162
CUST01548,14,98740,31366
CUST01549,10,79545,23679
CUST01550,11,74068,22732
CUST01551,9,97012,29346
CUST01552,11,96703,25464
CUST01553,11,88505,33272
CUST01554,15,97603,42990
CUST01555,8,70402,22794
CUST01556,13,153995,43529
CUST01557,10,70118,21791
CUST01558,7,52593,17153
CUST01559,11,98744,35290
CUST01560,10,107452,32917
CUST01561,12,79073,24467
CUST01562,13,87340,27511
CUST01563,8,82979,26696
CUST01564,8,63746,20137
CUST01565,14,112743,30326
CUST01566,13,106762,34114
CUST01567,3,35857,12221
CUST01568,16,118953,36518
CUST01569,9,72473,22086
CUST01570,10,56180,20780
CUST01571,9,81313,22136
CUST01572,13,113696,39314
CUST01573,10,81273,20965
CUST01574,18,141377,50756
CUST01575,11,98414,31932
CUST01576,5,22029,7221
CUST01577,9,64894,22950
CUST01578,10,70409,20375
CUST01579,10,91833,28516
CUST01580,11,94749,34272
CUST01581,5,27317,7954
CUST01582,11,64404,16573
CUST01583,9,70808,15695
CUST01584,7,44614,16667
CUST01585,10,99272,36957
CUST01586,10,65703,20532
CUST01587,16,114428,41124
CUST01588,11,108224,36114
CUST01589,7,45173,12994
CUST01590,10,49154,18721
CUST01591,6,58356,20968
CUST01592,14,119891,39677
CUST01593,5,11680,4739
CUST01594,9,126173,32575
CUST01595,8,81586,25671
CUST01596,8,42964,11823
CUST01597,14,106315,37154
CUST01598,9,46698,16240
CUST01599,9,62878,17278
CUST01600,5,19042,6477
CUST01601,8,30435,8033
CUST01602,15,126606,38126
CUST01603,11,93733,30445
CUST01604,7,49628,16113
CUST01605,13,126159,40644
CUST01606,16,142986,42948
CUST01607,6,39118,10839
CUST01608,13,97584,28211
CUST01609,8,54454,12912
CUST01610,6,29233,10532
CUST01611,13,125941,39407
CUST01612,6,32385,7934
CUST01613,9,49162,18607
CUST01614,13,111031,38517
CUST01615,6,43361,14092
CUST01616,12,62528,18985
CUST01617,9,97985,31035
CUST01618,12,49687,18030
CUST01619,6,28604,9313
CUST01620,12,116089,43258
CUST01621,19,142870,45086
CUST01622,10,74984,20911
CUST01623,12,81115,27953
CUST01624,13,81194,25429
CUST01625,11,77784,27899
CUST01626,13,89717,27368
CUST01627,6,35908,8732
CUST01628,13,107906,35180
CUST01629,8,88628,24801
CUST01630,15,123731,34077
CUST01631,10,70127,21618
CUST01632,10,63906,24545
CUST01633,7,61712,21671
CUST01634,8,73813,23808
CUST01635,11,76740,29147
CUST01636,10,103800,28528
CUST01637,12,86241,29522
CUST01638,13,121493,38067
CUST01639,6,35052,8875
CUST01640,12,89929,25211
CUST01641,6,29759,11523
CUST01642,6,45642,15481
CUST01643,9,67731,25262
CUST01644,9,91440,23752
CUST01645,8,37759,11589
CUST01646,11,63766,19151
CUST01647,13,167452,56147
CUST01648,9,57373,18607
CUST01649,12,118316,36953
CUST01650,7,53637,16225
CUST01651,7,55580,19881
CUST01652,5,53336,14491
CUST01653,11,87566,27620
CUST01654,7,62807,22548
CUST01655,18,149782,47011
CUST01656,5,32452,10267
CUST01657,15,86795,28321
CUST01658,9,83781,26837
CUST01659,12,62293,21156
CUST01660,6,28866,9685
CUST01661,13,112154,33275
CUST01662,6,23254,5802
CUST01663,6,53256,15399
CUST01664,13,101916,35057
CUST01665,6,44475,11585
CUST01666,15,112279,37943
CUST01667,13,86515,31472
CUST01668,11,60447,14979
CUST01669,5,27102,8386
CUST01670,5,31516,13173
CUST01671,7,49271,12724
CUST01672,10,91076,28829
CUST01673,12,136513,49336
CUST01674,10,78372,24217
CUST01675,13,88261,31487
CUST01676,15,130030,38346
CUST01677,10,63916,15533
CUST01678,9,38761,9449
CUST01679,12,75464,26557
CUST01680,7,57579,19517
CUST01681,11,85774,26495
CUST01682,9,53177,15414
CUST01683,10,93150,30461
CUST01684,6,33876,8609
CUST01685,10,48550,14667
CUST01686,13,82178,28054
CUST01687,11,113780,38121
CUST01688,11,62660,22909
CUST01689,14,145338,46770
CUST01690,11,57571,15351
CUST01691,10,100906,29025
CUST01692,11,79996,25807
CUST01693,6,35330,11728
CUST01694,18,138106,37227
CUST01695,7,45197,19337
CUST01696,6,47684,15984
CUST01697,10,77988,28308
CUST01698,6,16460,6525
CUST01699,12,79338,23914
CUST01700,14,93708,34315
CUST01701,7,91475,33437
CUST01702,10,60509,18882
CUST01703,17,171213,54383
CUST01704,8,47086,15557
CUST01705,7,52011,22193
CUST01706,7,60475,22109
CUST01707,9,39817,14800
CUST01708,11,80617,26771
CUST01709,10,90570,25481
CUST01710,13,91757,25127
CUST01711,1,7792,2404
CUST01712,13,109735,37274
CUST01713,11,98229,27844
CUST01714,12,105453,38092
CUST01715,14,88188,29551
CUST01716,11,84204,26501
CUST01717,15,126215,40818
CUST01718,13,102919,32506
CUST01719,10,86852,34374
CUST01720,13,135588,44893
CUST01721,10,57099,17410
CUST01722,13,71967,22852
CUST01723,12,109610,31946
CUST01724,6,51131,16090
CUST01725,17,123011,39453
CUST01726,20,165857,51257
CUST01727,6,33331,9898
CUST01728,7,60443,18685
CUST01729,9,60982,25147
CUST01730,9,70471,22463
CUST01731,12,112212,30225
CUST01732,9,46806,15295
CUST01733,10,69766,23405
CUST01734,11,65213,23046
CUST01735,11,54057,14641
CUST01736,7,47405,13443
CUST01737,5,37174,13879
CUST01738,13,101731,28275
CUST01739,6,38131,15025
CUST01740,7,41256,14883
CUST01741,5,43076,14479
CUST01742,11,94124,24247
CUST01743,7,72503,21886
CUST01744,6,56065,15787
CUST01745,7,42917,12523
CUST01746,7,57096,17351
CUST01747,11,75728,19822
CUST01748,9,83966,26926
CUST01749,10,84414,26283
CUST01750,13,100216,34588
CUST01751,14,76264,22406
CUST01752,11,82726,26276
CUST01753,15,95267,29263
CUST01754,17,118954,40460
CUST01755,6,33704,12804
CUST01756,10,73592,22335
CUST01757,10,78332,24264
CUST01758,17,119752,37948
CUST01759,7,79409,26590
CUST01760,13,85540,21929
CUST01761,7,44792,15753
CUST01762,11,86494,31101
CUST01763,6,47876,15917
CUST01764,6,51889,16626
CUST01765,8,35287,10604
CUST01766,6,39900,12725
CUST01767,9,70986,24637
CUST01768,13,94193,29756
CUST01769,8,74965,23860
CUST01770,8,63676,19848
CUST01771,7,46114,15868
CUST01772,11,78068,23432
CUST01773,12,88882,26695
CUST01774,16,109149,37702
CUST01775,10,83714,24891
CUST01776,9,74494,26526
CUST01777,13,162691,55820
CUST01778,16,109004,33966
CUST01779,13,101289,33025
CUST01780,12,49476,12327
CUST01781,10,115597,36045
CUST01782,13,129454,48809
CUST01783,10,107892,31798
CUST01784,13,140584,53631
CUST01785,5,52733,11310
CUST01786,11,121694,33222
CUST01787,7,38605,11677
CUST01788,17,142614,48689
CUST01789,9,48987,13865
CUST01790,11,51625,16339
CUST01791,11,87256,29635
CUST01792,5,32809,10055
CUST01793,8,58056,18309
CUST01794,7,15329,5559
CUST01795,9,100942,33800
CUST01796,5,24965,9734
CUST01797,9,70499,18071
CUST01798,14,104030,31360
CUST01799,10,89452,25425
CUST01800,11,49791,15331
CUST01801,12,133807,40096
CUST01802,8,58582,16520
CUST01803,8,36868,11576
CUST01804,10,57567,19457
CUST01805,10,77300,29833
CUST01806,5,33191,10684
CUST01807,13,96023,31693
CUST01808,6,82901,22430
CUST01809,8,60340,19650
CUST01810,10,78832,26624
CUST01811,10,72415,22954
CUST01812,8,87643,26474
CUST01813,8,97221,29839
CUST01814,12,85518,27368
CUST01815,11,105929,33837
CUST01816,5,27738,9940
CUST01817,6,72697,20689
CUST01818,12,133340,49173
CUST01819,7,61095,19182
CUST01820,14,87190,27619
CUST01821,9,79128,23991
CUST01822,11,93616,32934
CUST01823,8,34601,8872
CUST01824,20,108068,32667
CUST01825,8,58547,16583
CUST01826,9,57989,19428
CUST01827,12,115637,40324
CUST01828,13,88306,27573
CUST01829,10,69916,22577
CUST01830,4,42797,12587
CUST01831,11,113523,30807
CUST01832,13,79866,25128
CUST01833,10,43817,13747
CUST01834,12,64313,21156
CUST01835,6,25252,7424
CUST01836,11,81994,29115
CUST01837,10,79759,24320
CUST01838,6,52392,20207
CUST01839,10,61713,20723
CUST01840,12,85417,29339
CUST01841,13,106677,34143
CUST01842,15,112091,34172
CUST01843,11,72400,21793
CUST01844,8,73824,27023
CUST01845,13,119906,35139
CUST01846,10,61581,23038
CUST01847,10,96051,26927
CUST01848,11,81919,25999
CUST01849,13,103216,30847
CUST01850,11,86179,30671
CUST01851,9,63404,20978
CUST01852,10,67726,22311
CUST01853,11,58222,21570
CUST01854,6,29661,9163
CUST01855,17,124902,42032
CUST01856,15,97745,29462
CUST01857,8,41763,16818
CUST01858,12,98341,28257
CUST01859,12,113837,32286
CUST01860,8,76223,22443
CUST01861,9,76477,26829
CUST01862,11,98243,37110
CUST01863,6,47862,11930
CUST01864,12,83033,25078
CUST01865,7,60631,18783
CUST01866,14,90559,30278
CUST01867,7,64245,16914
CUST01868,10,74949,26519
CUST01869,11,85300,27857
CUST01870,10,90588,28688
CUST01871,8,58240,20261
CUST01872,7,58909,20054
CUST01873,10,90120,26097
CUST01874,9,54820,15269
CUST01875,8,83090,27261
CUST01876,13,102256,36503
CUST01877,14,102999,35624
CUST01878,12,77311,25767
CUST01879,13,80225,32638
CUST01880,9,96219,30925
CUST01881,5,52260,18965
CUST01882,13,77779,24381
CUST01883,7,67459,21014
CUST01884,10,70576,25293
CUST01885,15,113066,39273
CUST01886,11,80183,24112
CUST01887,13,104131,31029
CUST01888,11,108738,39470
CUST01889,9,39255,11451
CUST01890,8,64126,22144
CUST01891,15,151299,46173
CUST01892,8,83521,27620
CUST01893,13,60931,20625
CUST01894,13,82747,27953
CUST01895,12,101241,32832
CUST01896,11,55786,17439
CUST01897,15,160765,54879
CUST01898,8,57022,19139
CUST01899,8,66604,22880
CUST01900,7,36994,9527
CUST01901,6,45330,11831
CUST01902,8,79017,30076
CUST01903,9,116322,34993
CUST01904,15,101974,30197
CUST01905,12,136167,46993
CUST01906,9,101090,40093
CUST01907,9,63332,23423
CUST01908,14,140238,40158
CUST01909,12,96569,28335
CUST01910,10,75392,25656
CUST01911,13,101672,32086
CUST01912,6,40837,11709
CUST01913,9,77264,23355
CUST01914,11,82878,23864
CUST01915,13,82835,26990
CUST01916,9,38931,12607
CUST01917,7,50025,17910
CUST01918,11,95809,33580
CUST01919,14,113824,37259
CUST01920,8,99876,38090
CUST01921,12,57391,17467
CUST01922,5,17892,5970
CUST01923,14,96746,33169
CUST01924,5,18412,6913
CUST01925,11,83335,24590
CUST01926,14,108350,29564
CUST01927,9,83727,20939
CUST01928,8,59126,17309
CUST01929,9,65416,20765
CUST01930,10,87538,25079
CUST01931,11,67431,19539
CUST01932,12,137687,47139
CUST01933,11,120729,43937
CUST01934,8,77025,28437
CUST01935,9,113303,37131
CUST01936,8,57266,20296
CUST01937,7,71918,24107
CUST01938,9,75929,23663
CUST01939,10,75219,24084
CUST01940,12,95653,32908
CUST01941,6,46770,14974
CUST01942,6,40198,18214
CUST01943,9,68407,21400
CUST01944,13,122531,39050
CUST01945,15,126872,43626
CUST01946,10,100064,38008
CUST01947,13,70991,25523
CUST01948,10,81964,30137
CUST01949,12,81577,22395
CUST01950,9,79054,26508
CUST01951,7,75507,22043
CUST01952,9,116444,40434
CUST01953,9,72751,26686
CUST01954,10,93263,29585
CUST01955,7,79603,22507
CUST01956,12,72089,24660
CUST01957,10,75672,22742
CUST01958,9,69335,19983
CUST01959,12,65153,20252
CUST01960,10,91479,27701
CUST01961,14,66594,21944
CUST01962,12,83077,23345
CUST01963,6,37455,11324
CUST01964,12,104537,31117
CUST01965,8,53534,15917
CUST01966,7,43462,17447
CUST01967,8,40716,13032
CUST01968,14,93377,27330
CUST01969,14,71942,19841
CUST01970,11,72165,20006
CUST01971,9,61056,18150
CUST01972,11,71024,22689
CUST01973,9,103358,35576
CUST01974,14,112308,29799
CUST01975,8,54723,17333
CUST01976,9,60286,21817
CUST01977,11,74784,22263
CUST01978,17,111259,42566
CUST01979,6,28874,9817
CUST01980,12,53244,15796
CUST01981,6,39789,13388
CUST01982,7,69496,23667
CUST01983,13,73585,23209
CUST01984,7,48933,20659
CUST01985,13,103105,29779
CUST01986,8,75538,27429
CUST01987,17,127598,37333
CUST01988,12,107875,32676
CUST01989,10,73977,25260
CUST01990,11,77406,25082
CUST01991,7,64897,19908
CUST01992,10,81757,26670
CUST01993,14,118735,39136
CUST01994,9,44225,12109
CUST01995,9,42977,13637
CUST01996,11,113288,34993
CUST01997,16,148662,54368
CUST01998,9,73847,20110
CUST01999,11,46157,13908
CUST02000,8,58697,18302
CUST02001,10,82566,32215
CUST02002,6,27433,7808
CUST02003,6,55702,13320
CUST02004,10,55915,22452
CUST02005,12,74880,24655
CUST02006,8,58756,16602
CUST02007,12,112123,40211
CUST02008,12,89374,32187
CUST02009,5,32292,10417
CUST02010,9,75843,24575
CUST02011,12,95674,23660
CUST02012,11,96863,28473
CUST02013,7,100483,38360
CUST02014,11,77323,23225
CUST02015,8,32767,10035
CUST02016,13,81838,26409
CUST02017,11,97689,27428
CUST02018,10,73713,26179
CUST02019,5,35992,13892
CUST02020,11,69161,22303
CUST02021,8,71735,25961
CUST02022,12,75884,23941
CUST02023,10,59262,18613
CUST02024,13,100351,36900
CUST02025,15,97086,31840
CUST02026,10,112030,43127
CUST02027,9,80383,26655
CUST02028,12,142291,43405
CUST02029,11,89606,30213
CUST02030,5,64037,22582
CUST02031,10,47123,16975
CUST02032,11,78370,25476
CUST02033,10,51851,16569
CUST02034,8,67409,24647
CUST02035,8,57824,16061
CUST02036,14,106244,32077
CUST02037,13,80907,26902
CUST02038,9,98395,29974
CUST02039,14,121802,37166
CUST02040,13,72425,26162
CUST02041,13,141102,50636
CUST02042,12,117003,37662
CUST02043,16,145416,48314
CUST02044,8,94912,26501
CUST02045,13,89609,33095
CUST02046,10,63682,18446
CUST02047,8,63823,22715
CUST02048,9,73302,18742
CUST02049,7,58829,14239
CUST02050,5,23179,6749
CUST02051,8,71766,21119
CUST02052,13,108022,30885
CUST02053,12,91373,32440
CUST02054,15,83000,27568
CUST02055,10,66717,18803
CUST02056,9,60037,23403
CUST02057,13,113942,36630
CUST02058,13,109199,37606
CUST02059,9,88922,30722
CUST02060,8,67045,20251
CUST02061,10,67311,21762
CUST02062,10,110823,34148
CUST02063,9,60316,21065
CUST02064,13,84667,28279
CUST02065,16,108801,27763
CUST02066,13,58789,14913
CUST02067,9,53854,20083
CUST02068,8,51447,19576
CUST02069,11,85576,23659
CUST02070,6,43374,12186
CUST02071,12,106849,39564
CUST02072,8,45434,17435
CUST02073,11,68158,24616
CUST02074,12,118891,37672
CUST02075,15,91363,28573
CUST02076,9,45201,12300
CUST02077,9,47397,15887
CUST02078,8,104597,35367
CUST02079,20,196979,60447
CUST02080,11,57076,20012
CUST02081,10,64822,23649
CUST02082,9,61700,20129
CUST02083,11,93015,27016
CUST02084,12,124380,44124
CUST02085,7,61405,18151
CUST02086,10,66442,25403
CUST02087,12,68373,19811
CUST02088,6,37796,11943
CUST02089,7,64865,24604
CUST02090,8,75937,27159
CUST02091,13,131275,31933
CUST02092,11,102005,34444
CUST02093,9,91394,25802
CUST02094,9,90359,29637
CUST02095,9,46661,17430
CUST02096,6,65062,21495
CUST02097,12,69395,23280
CUST02098,5,18065,7048
CUST02099,6,56513,18545
CUST02100,12,96828,32226
CUST02101,13,84237,31274
CUST02102,7,47926,17191
CUST02103,8,97870,29261
CUST02104,11,91707,33293
CUST02105,9,65170,17779
CUST02106,14,141493,44964
CUST02107,7,51409,13872
CUST02108,7,29736,9929
CUST02109,6,28896,9949
CUST02110,14,62185,21417
CUST02111,7,71296,19878
CUST02112,4,20730,8568
CUST02113,7,63992,20089
CUST02114,8,53596,19726
CUST02115,8,67906,25346
CUST02116,12,102092,37499
CUST02117,7,31867,8690
CUST02118,11,67892,20390
CUST02119,8,68250,23155
CUST02120,5,53450,16625
CUST02121,13,105618,26628
CUST02122,11,96118,27217
CUST02123,15,124204,46743
CUST02124,8,44759,12990
CUST02125,12,72441,20297
CUST02126,10,57702,16907
CUST02127,11,79824,25162
CUST02128,10,68404,20222
CUST02129,11,81210,27986
CUST02130,11,66839,23747
CUST02131,8,80536,24054
CUST02132,11,55307,18547
CUST02133,6,43212,12597
CUST02134,7,45021,13793
CUST02135,16,119753,36583
CUST02136,7,50956,16667
CUST02137,11,66232,22480
CUST02138,10,127073,38555
CUST02139,8,44154,12814
CUST02140,10,84662,35003
CUST02141,8,42025,14965
CUST02142,7,68028,23918
CUST02143,14,88519,31583
CUST02144,12,116531,29775
CUST02145,8,84364,29755
CUST02146,8,70844,20930
CUST02147,8,69611,21898
CUST02148,12,72953,23513
CUST02149,8,71930,23649
CUST02150,7,89469,26177
CUST02151,13,91421,28497
CUST02152,12,148034,47255
CUST02153,6,47132,18875
CUST02154,13,87176,27527
CUST02155,12,85256,30106
CUST02156,10,91470,25682
CUST02157,17,104913,30881
CUST02158,15,145192,42089
CUST02159,16,145304,48029
CUST02160,8,60174,16446
CUST02161,15,121601,38145
CUST02162,14,85698,24999
CUST02163,12,79817,23869
CUST02164,12,61306,23361
CUST02165,9,53434,17350
CUST02166,10,100158,32426
CUST02167,7,42238,13916
CUST02168,7,47446,17478
CUST02169,5,45062,11326
CUST02170,11,46180,14963
CUST02171,11,59210,25162
CUST02172,9,79888,25021
CUST02173,13,119435,44306
CUST02174,8,66198,26812
CUST02175,6,55963,15652
CUST02176,11,114257,40764
CUST02177,10,78492,22430
CUST02178,11,64497,24968
CUST02179,8,74486,25337
CUST02180,11,92283,27633
CUST02181,9,66202,24384
CUST02182,12,91363,22031
CUST02183,3,17580,5732
CUST02184,9,96617,35508
CUST02185,8,59749,17224
CUST02186,10,62390,22152
CUST02187,11,61889,23060
CUST02188,12,87324,29933
CUST02189,9,76906,24075
CUST02190,4,36549,14268
CUST02191,12,100719,35600
CUST02192,8,67774,20955
CUST02193,12,119085,42258
CUST02194,9,38878,10724
CUST02195,17,126348,35533
CUST02196,10,67251,19918
CUST02197,11,61933,17718
CUST02198,7,50314,17831
CUST02199,16,88701,32163
CUST02200,13,106496,37671
CUST02201,13,95043,32970
CUST02202,5,56409,12605
CUST02203,9,74230,22098
CUST02204,11,128995,46857
CUST02205,12,103380,29200
CUST02206,14,74555,22791
CUST02207,7,60518,16223
CUST02208,9,79512,28324
CUST02209,7,44139,16734
CUST02210,9,71590,23083
CUST02211,4,15811,5659
CUST02212,11,62934,20842
CUST02213,12,135113,37385
CUST02214,5,27414,9368
CUST02215,7,39169,13987
CUST02216,9,60485,20086
CUST02217,8,48356,15508
CUST02218,10,68949,21043
CUST02219,9,80207,28669
CUST02220,12,105887,30575
CUST02221,13,122591,41719
CUST02222,8,44035,16161
CUST02223,15,59572,21299
CUST02224,9,63902,19559
CUST02225,12,70510,22796
CUST02226,8,72901,21176
CUST02227,17,106505,32954
CUST02228,7,50266,15615
CUST02229,14,121090,36584
CUST02230,3,20481,6938
CUST02231,14,97717,31555
CUST02232,10,76214,28033
CUST02233,5,31167,10604
CUST02234,17,75500,24756
CUST02235,13,121728,35548
CUST02236,9,52481,14378
CUST02237,8,42439,16671
CUST02238,9,71788,19862
CUST02239,5,46784,12186
CUST02240,5,40563,12582
CUST02241,11,65382,15216
CUST02242,14,104189,37891
CUST02243,8,60471,15076
CUST02244,14,90584,27306
CUST02245,10,108550,39230
CUST02246,7,90073,25495
CUST02247,10,56653,20672
CUST02248,3,32931,11335
CUST02249,14,84456,26795
CUST02250,9,52267,17766
CUST02251,8,91665,30080
CUST02252,9,86113,26822
CUST02253,7,41982,15102
CUST02254,7,48637,15991
CUST02255,9,44535,13458
CUST02256,11,75996,27037
CUST02257,16,158828,54533
CUST02258,5,38990,12957
CUST02259,17,158273,48945
CUST02260,12,97761,33116
CUST02261,11,68706,21029
CUST02262,14,107353,35417
CUST02263,10,82358,26585
CUST02264,15,112581,38024
CUST02265,13,101790,34806
CUST02266,10,53548,16436
CUST02267,8,87225,34059
CUST02268,11,91621,26950
CUST02269,10,84819,28666
CUST02270,9,67433,19327
CUST02271,7,67928,23285
CUST02272,5,32945,10603
CUST02273,13,84948,31856
CUST02274,8,48280,17377
CUST02275,11,108610,39223
CUST02276,12,83175,25301
CUST02277,13,87076,27647
CUST02278,5,29609,9715
CUST02279,9,57940,18367
CUST02280,11,76356,23440
CUST02281,14,78409,23787
CUST02282,14,112819,39745
CUST02283,7,23165,6611
CUST02284,8,66800,26205
CUST02285,6,30823,9953
CUST02286,8,33047,10969
CUST02287,9,71017,22487
CUST02288,6,31088,11944
CUST02289,5,43566,13457
CUST02290,8,46911,10898
CUST02291,12,90708,30943
CUST02292,12,140961,51043
CUST02293,11,61129,18062
CUST02294,10,52976,17212
CUST02295,13,88863,29741
CUST02296,10,73600,26668
CUST02297,12,68155,28351
CUST02298,12,100650,30635
CUST02299,5,48311,18402
CUST02300,8,73181,24042
CUST02301,6,28343,7694
CUST02302,12,94321,26037
CUST02303,13,96390,32703
CUST02304,9,44512,12507
CUST02305,10,114174,32362
CUST02306,13,108256,34932
CUST02307,9,70095,22390
CUST02308,7,38211,9422
CUST02309,4,38419,13083
CUST02310,11,101605,29896
CUST02311,8,77313,18507
CUST02312,15,132492,40888
CUST02313,7,69814,24258
CUST02314,10,92356,30030
CUST02315,7,62381,16726
CUST02316,5,46388,15521
CUST02317,11,94671,28355
CUST02318,8,61217,17426
CUST02319,7,74369,24148
CUST02320,9,38235,12081
CUST02321,12,95126,20903
CUST02322,10,100929,29871
CUST02323,11,104978,32235
CUST02324,10,84982,20965
CUST02325,10,82072,31103
CUST02326,6,30736,11497
CUST02327,11,72376,28442
CUST02328,12,114134,38581
CUST02329,6,44294,14200
CUST02330,8,70167,28604
CUST02331,11,61456,16732
CUST02332,8,69694,20867
CUST02333,8,78393,26538
CUST02334,9,83864,30944
CUST02335,9,87129,27522
CUST02336,10,68811,23514
CUST02337,6,26883,9258
CUST02338,11,79285,24388
CUST02339,8,75697,21877
CUST02340,12,92736,27114
CUST02341,14,85810,26646
CUST02342,7,61904,20239
CUST02343,8,66614,18010
CUST02344,13,77057,23213
CUST02345,8,55787,15957
CUST02346,11,67207,22324
CUST02347,7,96312,25948
CUST02348,10,46777,14714
CUST02349,9,41548,12386
CUST02350,12,113089,32667
CUST02351,9,77957,29690
CUST02352,7,76570,27069
CUST02353,13,110273,34737
CUST02354,7,48198,17196
CUST02355,14,99645,38367
CUST02356,12,123442,42268
CUST02357,10,75296,24119
CUST02358,8,35930,11974
CUST02359,9,57383,18153
CUST02360,8,61856,24608
CUST02361,5,48311,15448
CUST02362,7,26701,8153
CUST02363,6,75947,30723
CUST02364,11,110679,32906
CUST02365,16,111547,35931
CUST02366,12,85297,30388
CUST02367,12,80848,27893
CUST02368,22,203709,69391
CUST02369,9,64418,21367
CUST02370,9,61732,21812
CUST02371,9,124011,40344
CUST02372,12,128275,43458
CUST02373,10,62940,21949
CUST02374,8,71368,21837
CUST02375,9,51830,13017
CUST02376,10,68549,20758
CUST02377,13,99317,27497
CUST02378,17,94174,32319
CUST02379,8,39689,12164
CUST02380,10,67702,21338
CUST02381,12,128013,37886
CUST02382,12,91387,25583
CUST02383,8,54441,14592
CUST02384,7,58006,17618
CUST02385,9,50107,14679
CUST02386,9,89356,29532
CUST02387,12,89214,25007
CUST02388,7,52933,15279
CUST02389,7,42071,15705
CUST02390,13,86107,22862
CUST02391,15,87365,27627
CUST02392,5,49155,12880
CUST02393,14,121080,38377
CUST02394,8,86398,29183
CUST02395,11,88730,32165
CUST02396,11,62944,18138
CUST02397,8,57949,14219
CUST02398,17,120121,36942
CUST02399,15,128023,39212
CUST02400,5,45607,9861
CUST02401,9,51992,16976
CUST02402,8,53189,21944
CUST02403,8,63404,22648
CUST02404,6,42577,17070
CUST02405,7,51901,14368
CUST02406,7,64437,25296
CUST02407,4,28613,6033
CUST02408,12,97932,37804
CUST02409,8,74773,19903
CUST02410,9,37901,12639
CUST02411,11,111515,36251
CUST02412,8,69461,27300
CUST02413,8,62978,18611
CUST02414,15,167716,51200
CUST02415,18,131143,46971
CUST02416,19,141424,49218
CUST02417,10,78682,30191
CUST02418,7,53933,19124
CUST02419,12,101669,31165
CUST02420,15,120513,41780
CUST02421,5,61301,23078
CUST02422,14,98747,30746
CUST02423,17,119495,37831
CUST02424,14,101735,38765
CUST02425,9,72834,20790
CUST02426,7,54656,16395
CUST02427,10,69511,27786
CUST02428,16,134632,38329
CUST02429,18,194965,60062
CUST02430,15,113776,35809
CUST02431,10,84754,26075
CUST02432,12,100188,40859
CUST02433,7,55080,20822
CUST02434,10,83061,31632
CUST02435,15,112031,35755
CUST02436,11,66326,17700
CUST02437,7,47748,14855
CUST02438,7,83381,29423
CUST02439,7,68493,23716
CUST02440,9,104919,34139
CUST02441,11,85930,30446
CUST02442,9,103076,41541
CUST02443,11,107270,35177
CUST02444,8,78153,26912
CUST02445,11,106760,30564
CUST02446,9,67006,22198
CUST02447,18,162636,48335
CUST02448,10,52059,20393
CUST02449,10,79686,28259
CUST02450,9,96564,34510
CUST02451,8,71626,29000
CUST02452,10,69023,24648
CUST02453,8,81288,30667
CUST02454,10,101336,38707
CUST02455,12,93350,29179
CUST02456,12,112480,34488
CUST02457,9,64043,14083
CUST02458,9,114969,41794
CUST02459,6,42094,15689
CUST02460,4,38196,13940
CUST02461,12,84297,29150
CUST02462,14,101655,33396
CUST02463,9,45406,14815
CUST02464,8,55176,18595
CUST02465,3,20897,10116
CUST02466,5,19513,6360
CUST02467,12,109357,33456
CUST02468,9,49919,17212
CUST02469,9,66004,19341
CUST02470,12,85559,32866
CUST02471,7,51546,18790
CUST02472,9,35016,12188
CUST02473,13,101664,25005
CUST02474,9,68351,24518
CUST02475,11,88278,23452
CUST02476,12,89290,26038
CUST02477,8,48207,17120
CUST02478,8,51079,10127
CUST02479,6,63184,23744
CUST02480,9,52958,15549
CUST02481,7,70581,21217
CUST02482,10,56711,19280
CUST02483,9,75641,31620
CUST02484,7,27190,8104
CUST02485,7,71598,18980
CUST02486,13,83112,29241
CUST02487,12,85652,30155
CUST02488,4,35663,13162
CUST02489,10,63260,18335
CUST02490,14,146376,53772
CUST02491,9,55915,20851
CUST02492,9,67413,23961
CUST02493,11,64751,19664
CUST02494,10,63478,20086
CUST02495,8,32929,11959
CUST02496,10,102303,34481
CUST02497,6,48986,16952
CUST02498,9,64873,21429
CUST02499,6,54635,18225
CUST02500,11,68571,24304
CUST02501,13,90877,36379
CUST02502,9,59217,18969
CUST02503,11,76270,22740
CUST02504,11,93607,28271
CUST02505,14,69794,21738
CUST02506,11,108031,35122
CUST02507,11,103412,35078
CUST02508,7,28287,12133
CUST02509,8,64578,17374
CUST02510,11,55306,16869
CUST02511,8,41830,14922
CUST02512,19,157389,59555
CUST02513,13,114300,38858
CUST02514,13,109369,33403
CUST02515,7,40214,15948
CUST02516,10,99565,32224
CUST02517,4,17364,4235
CUST02518,7,61110,21307
CUST02519,7,58543,15791
CUST02520,10,69539,19922
CUST02521,10,71599,22082
CUST02522,10,64630,19392
CUST02523,4,22862,4908
CUST02524,13,99250,29728
CUST02525,19,101494,31329
CUST02526,13,69887,25300
CUST02527,10,87648,25145
CUST02528,10,107074,29875
CUST02529,6,35551,11188
CUST02530,16,110356,38929
CUST02531,8,39843,12523
CUST02532,8,34286,13941
CUST02533,9,42568,13928
CUST02534,12,110482,36538
CUST02535,9,74694,26126
CUST02536,8,75808,25450
CUST02537,12,119264,43648
CUST02538,13,85196,25200
CUST02539,13,147930,44276
CUST02540,12,107645,37946
CUST02541,7,55903,14870
CUST02542,6,57427,24432
CUST02543,9,84171,20561
CUST02544,7,47190,16629
CUST02545,13,119760,41326
CUST02546,7,61362,21121
CUST02547,17,138454,42252
CUST02548,7,32064,10540
CUST02549,15,148431,51597
CUST02550,5,22307,8144
CUST02551,9,66361,13816
CUST02552,12,81619,26139
CUST02553,11,89027,29743
CUST02554,12,86052,26684
CUST02555,4,10453,2938
CUST02556,10,67496,19618
CUST02557,16,143683,42225
CUST02558,10,70556,24879
CUST02559,14,152701,52778
CUST02560,8,66299,24067
CUST02561,14,99884,37324
CUST02562,3,13609,5393
CUST02563,12,62324,22152
CUST02564,12,78221,27691
CUST02565,10,98332,38969
CUST02566,10,66819,19299
CUST02567,9,73062,27416
CUST02568,14,132434,44237
CUST02569,14,146525,52996
CUST02570,10,62799,19772
CUST02571,9,92283,37060
CUST02572,7,86218,29503
CUST02573,11,110660,37056
CUST02574,8,104270,35476
CUST02575,6,37478,11847
CUST02576,15,156305,50001
CUST02577,10,108115,31866
CUST02578,12,120099,38430
CUST02579,10,57942,21805
CUST02580,4,37917,10175
CUST02581,10,67351,20125
CUST02582,14,101825,24753
CUST02583,11,88762,30844
CUST02584,11,123970,42991
CUST02585,12,52242,18745
CUST02586,7,75149,28778
CUST02587,13,135333,44677
CUST02588,13,97490,30724
CUST02589,13,62208,16092
CUST02590,11,77940,21747
CUST02591,11,51979,17683
CUST02592,13,105551,33141
CUST02593,6,63890,20383
CUST02594,11,58369,20832
CUST02595,12,81087,23779
CUST02596,10,75816,32381
CUST02597,12,93797,23875
CUST02598,15,115450,32596
CUST02599,10,108089,35191
CUST02600,6,21624,7967
CUST02601,13,143659,46223
CUST02602,15,110305,35102
CUST02603,8,64770,23492
CUST02604,10,64822,18578
CUST02605,10,65318,19771
CUST02606,11,78881,25735
CUST02607,9,89379,28764
CUST02608,10,78640,26763
CUST02609,3,16359,5590
CUST02610,10,49343,19804
CUST02611,9,62996,23287
CUST02612,5,41140,13359
CUST02613,13,62139,17756
CUST02614,12,110724,34914
CUST02615,10,85094,28517
CUST02616,10,65582,26741
CUST02617,6,35887,11853
CUST02618,11,94074,33434
CUST02619,5,44396,14086
CUST02620,9,61107,22836
CUST02621,10,105893,39023
CUST02622,17,147298,42739
CUST02623,8,37180,15072
CUST02624,10,77671,26246
CUST02625,6,62852,22032
CUST02626,10,76596,25880
CUST02627,11,64958,19306
CUST02628,11,82472,31505
CUST02629,11,101326,30082
CUST02630,6,51590,12435
CUST02631,8,33281,14281
CUST02632,13,114942,39062
CUST02633,8,61944,20370
CUST02634,11,67379,22059
CUST02635,9,91349,28017
CUST02636,10,62613,19860
CUST02637,5,23712,8791
CUST02638,8,64371,19492
CUST02639,4,41951,10927
CUST02640,9,83387,31214
CUST02641,14,109780,37944
CUST02642,8,43386,13197
CUST02643,7,47291,14534
CUST02644,4,43808,11624
CUST02645,9,88520,34573
CUST02646,9,74759,24640
CUST02647,10,68060,20112
CUST02648,11,57682,16850
CUST02649,8,44247,12729
CUST02650,5,40456,12532
CUST02651,6,26488,7161
CUST02652,6,58320,22914
CUST02653,10,123080,47616
CUST02654,11,58640,19436
CUST02655,21,178092,62386
CUST02656,14,119913,36652
CUST02657,5,49237,15555
CUST02658,9,57535,14848
CUST02659,8,68865,22854
CUST02660,12,111427,41136
CUST02661,10,60953,22419
CUST02662,9,74419,28627
CUST02663,10,74798,25500
CUST02664,6,51633,19010
CUST02665,10,82887,28765
CUST02666,17,103050,33507
CUST02667,11,73777,24811
CUST02668,8,91092,28894
CUST02669,15,151745,52956
CUST02670,11,104714,29619
CUST02671,15,137434,41591
CUST02672,10,71300,24669
CUST02673,10,96561,29442
CUST02674,8,37497,10067
CUST02675,10,82757,28575
CUST02676,17,124987,39018
CUST02677,7,55191,18876
CUST02678,8,58144,20603
CUST02679,12,67445,20399
CUST02680,12,65537,17107
CUST02681,11,85298,27202
CUST02682,9,53119,18472
CUST02683,12,79315,20469
CUST02684,7,33934,9743
CUST02685,7,26704,9148
CUST02686,10,73548,25854
CUST02687,16,140204,52680
CUST02688,11,119635,38475
CUST02689,6,58349,20751
CUST02690,9,25251,7311
CUST02691,8,50099,15981
CUST02692,9,50153,13178
CUST02693,11,117483,41071
CUST02694,12,75471,25284
CUST02695,12,95821,34369
CUST02696,6,48572,14206
CUST02697,13,133960,45216
CUST02698,7,67314,25056
CUST02699,7,72077,23818
CUST02700,11,83467,26779
CUST02701,18,157005,47131
CUST02702,12,63678,20703
CUST02703,12,67115,22816
CUST02704,11,115631,34840
CUST02705,17,99368,33766
CUST02706,14,81034,25998
CUST02707,5,23548,6472
CUST02708,7,52757,15834
CUST02709,15,133849,46170
CUST02710,7,41572,13236
CUST02711,6,35746,9057
CUST02712,18,116793,40485
CUST02713,5,30236,9155
CUST02714,13,122687,42580
CUST02715,9,65270,21092
CUST02716,7,46164,13804
CUST02717,7,76715,26583
CUST02718,11,58626,19925
CUST02719,8,104802,31931
CUST02720,7,83716,26520
CUST02721,10,88010,20399
CUST02722,9,77074,23437
CUST02723,8,55079,17976
CUST02724,8,86453,28543
CUST02725,10,75637,22620
CUST02726,11,119188,34418
CUST02727,6,59031,16400
CUST02728,14,123107,39019
CUST02729,16,73297,19347
CUST02730,9,72287,26911
CUST02731,6,44401,15627
CUST02732,11,76339,26392
CUST02733,9,54328,15908
CUST02734,11,75237,29559
CUST02735,9,94714,26555
CUST02736,10,104177,35513
CUST02737,8,38862,11982
CUST02738,10,66214,20994
CUST02739,9,75753,20288
CUST02740,16,132901,41306
CUST02741,7,45419,17971
CUST02742,8,88509,28764
CUST02743,13,71773,23975
CUST02744,10,105473,35403
CUST02745,11,102355,32408
CUST02746,17,160818,62005
CUST02747,10,81715,23856
CUST02748,14,124927,43393
CUST02749,10,76914,25926
CUST02750,11,87343,31309
CUST02751,11,84550,28712
CUST02752,12,109030,33937
CUST02753,9,65253,25607
CUST02754,7,53148,16444
CUST02755,9,90811,28708
CUST02756,14,112665,36060
CUST02757,8,69848,26194
CUST02758,5,32010,11141
CUST02759,6,31905,10473
CUST02760,7,37445,10156
CUST02761,8,55612,19863
CUST02762,6,50132,18693
CUST02763,10,59310,15135
CUST02764,10,71376,23578
CUST02765,10,69206,23336
CUST02766,15,160084,55960
CUST02767,8,65266,19450
CUST02768,4,29424,9447
CUST02769,21,196343,57786
CUST02770,9,86629,27295
CUST02771,11,104671,35251
CUST02772,10,116271,36696
CUST02773,7,51094,13488
CUST02774,15,104432,32732
CUST02775,17,163223,56757
CUST02776,11,94368,29660
CUST02777,7,87757,34415
CUST02778,7,40085,13725
CUST02779,10,52743,15651
CUST02780,21,152412,52140
CUST02781,12,92430,33544
CUST02782,11,111317,40906
CUST02783,12,97580,34560
CUST02784,12,110682,33192
CUST02785,10,93868,26631
CUST02786,9,52388,13825
CUST02787,11,102587,33469
CUST02788,9,61234,22393
CUST02789,10,85379,24734
CUST02790,6,39135,9076
CUST02791,11,100823,34722
CUST02792,10,75460,25787
CUST02793,7,47426,16877
CUST02794,16,104147,31335
CUST02795,5,45866,19027
CUST02796,12,88879,31894
CUST02797,13,125900,40416
CUST02798,6,49072,18600
CUST02799,9,68109,22323
CUST02800,8,44994,14804
CUST02801,13,84107,25785
CUST02802,6,56051,19510
CUST02803,10,85178,27419
CUST02804,14,117386,43645
CUST02805,10,97858,27725
CUST02806,6,34136,12240
CUST02807,11,103976,30314
CUST02808,7,39888,13572
CUST02809,17,101837,30287
CUST02810,13,93958,29020
CUST02811,13,77478,24738
CUST02812,14,101007,32346
CUST02813,12,87509,25093
CUST02814,7,53592,14052
CUST02815,7,60649,21002
CUST02816,15,169541,57601
CUST02817,12,89666,28489
CUST02818,14,118074,38518
CUST02819,12,97230,34826
CUST02820,12,104302,40350
CUST02821,7,76556,18637
CUST02822,10,97847,25409
CUST02823,13,133244,44957
CUST02824,13,130711,36535
CUST02825,14,73797,24200
CUST02826,10,53758,19744
CUST02827,6,27487,7136
CUST02828,8,46778,15183
CUST02829,12,113952,38376
CUST02830,7,74287,20553
CUST02831,8,70083,20572
CUST02832,17,155008,54814
CUST02833,11,79131,25291
CUST02834,6,43880,14701
CUST02835,9,87638,25473
CUST02836,9,78355,24527
CUST02837,8,80224,25903
CUST02838,8,89549,22644
CUST02839,18,180703,60179
CUST02840,10,69803,25461
CUST02841,7,43927,15066
CUST02842,13,98291,28167
CUST02843,7,45000,16198
CUST02844,13,132253,43888
CUST02845,13,110123,36942
CUST02846,6,59486,17941
CUST02847,13,112068,40714
CUST02848,11,57548,16741
CUST02849,9,53661,19431
CUST02850,14,75652,25299
CUST02851,9,48515,16502
CUST02852,6,60746,19799
CUST02853,9,45573,14141
CUST02854,15,117322,44542
CUST02855,6,36853,11347
CUST02856,8,65285,14041
CUST02857,10,49798,18329
CUST02858,11,100318,33588
CUST02859,3,27471,7208
CUST02860,12,83145,33410
CUST02861,11,68410,21137
CUST02862,9,100216,38046
CUST02863,7,63787,22234
CUST02864,10,81681,26174
CUST02865,8,35732,10856
CUST02866,10,77808,31066
CUST02867,16,136403,43636
CUST02868,8,49697,15762
CUST02869,5,40826,13646
CUST02870,9,57630,16623
CUST02871,9,87069,30044
CUST02872,14,127937,39225
CUST02873,8,35828,11845
CUST02874,9,103572,34525
CUST02875,5,31221,11754
CUST02876,7,76288,20207
CUST02877,7,66860,20379
CUST02878,6,29205,11818
CUST02879,11,110834,34690
CUST02880,5,22180,6619
CUST02881,4,46609,13719
CUST02882,9,63346,21531
CUST02883,10,57289,22117
CUST02884,11,79889,22152
CUST02885,9,51939,17088
CUST02886,2,32353,10571
CUST02887,14,105397,35071
CUST02888,12,94484,28366
CUST02889,12,125248,33423
CUST02890,6,57152,20349
CUST02891,5,39190,13123
CUST02892,10,88620,30749
CUST02893,17,180490,63459
CUST02894,7,47944,15332
CUST02895,12,96348,28128
CUST02896,13,93961,32311
CUST02897,15,109686,36679
CUST02898,11,98374,31988
CUST02899,9,48741,18411
CUST02900,8,55058,19119
CUST02901,8,49214,16324
CUST02902,14,157424,56040
CUST02903,12,99403,28480
CUST02904,5,23775,9210
CUST02905,5,56336,18766
CUST02906,4,23851,5272
CUST02907,10,81764,34680
CUST02908,4,50212,21651
CUST02909,12,102404,29229
CUST02910,9,88390,24317
CUST02911,13,89694,30025
CUST02912,13,138124,45023
CUST02913,9,86733,27378
CUST02914,4,28354,7892
CUST02915,14,89037,28083
CUST02916,6,63401,22076
CUST02917,12,93427,28038
CUST02918,18,137309,42825
CUST02919,12,87110,25891
CUST02920,14,124228,45428
CUST02921,8,55497,17240
CUST02922,15,97532,29540
CUST02923,11,107487,29733
CUST02924,13,83416,31043
CUST02925,12,94775,31299
CUST02926,20,161067,55232
CUST02927,11,90109,29468
CUST02928,10,87713,31203
CUST02929,9,85662,24312
CUST02930,6,15530,5626
CUST02931,8,76998,17834
CUST02932,10,69376,26096
CUST02933,6,62811,23567
CUST02934,16,125936,37525
CUST02935,17,143023,52072
CUST02936,9,73090,28266
CUST02937,9,53584,15522
CUST02938,6,59559,17996
CUST02939,14,79763,24114
CUST02940,15,138226,41715
CUST02941,12,87078,27643
CUST02942,9,97687,35641
CUST02943,9,69232,24449
CUST02944,10,89117,34242
CUST02945,13,102062,36147
CUST02946,16,97583,34565
CUST02947,13,71967,24629
CUST02948,9,86612,28369
CUST02949,14,121067,38471
CUST02950,10,65016,20662
CUST02951,10,51528,17978
CUST02952,12,76882,30056
CUST02953,11,86975,31081
CUST02954,9,83699,21005
CUST02955,6,30329,8853
CUST02956,9,84486,22465
CUST02957,10,106143,39559
CUST02958,8,80104,26996
CUST02959,8,72051,19430
CUST02960,16,120402,36982
CUST02961,6,39229,14056
CUST02962,4,25383,7245
CUST02963,13,110199,31780
CUST02964,10,89472,25231
CUST02965,17,127298,37411
CUST02966,13,85119,25599
CUST02967,12,124639,39767
CUST02968,14,107720,35848
CUST02969,10,76127,25431
CUST02970,5,49175,18020
CUST02971,11,91538,33495
CUST02972,14,94832,24128
CUST02973,9,65316,20885
CUST02974,6,39723,11790
CUST02975,10,90334,31270
CUST02976,12,86359,34574
CUST02977,13,124976,41435
CUST02978,15,123906,35826
CUST02979,13,120577,41712
CUST02980,11,104347,29382
CUST02981,6,50643,15296
CUST02982,10,51742,18775
CUST02983,3,15309,4368
CUST02984,14,172929,62213
CUST02985,9,71531,24949
CUST02986,13,84539,32885
CUST02987,9,70660,27721
CUST02988,12,103892,37610
CUST02989,11,75657,27471
CUST02990,13,67912,25792
CUST02991,13,129293,46806
CUST02992,15,112391,34481
CUST02993,7,64508,22586
CUST02994,15,109315,35989
CUST02995,9,49144,16369
CUST02996,16,90769,33038
CUST02997,5,39392,14350
CUST02998,9,70755,30019
CUST02999,6,29658,8971
CUST03000,10,59147,18797
CUST03001,1,10407,3975
CUST03002,7,54264,21403
CUST03003,10,84853,30384
CUST03004,5,30109,11525
CUST03005,10,61426,21399
CUST03006,12,58859,21860
CUST03007,13,80080,29428
CUST03008,11,77298,26390
CUST03009,9,109773,35195
CUST03010,8,51911,14992
CUST03011,12,76800,24432
CUST03012,5,28974,11170
CUST03013,15,117429,36834
CUST03014,11,85255,30607
CUST03015,9,66163,17471
CUST03016,14,74495,20389
CUST03017,7,60733,19301
CUST03018,7,47588,16724
CUST03019,8,51727,16379
CUST03020,12,90184,36785
CUST03021,7,46127,14314
CUST03022,10,77103,21345
CUST03023,14,124005,35881
CUST03024,8,77774,18774
CUST03025,7,62073,18783
CUST03026,6,55474,13765
CUST03027,9,86919,27077
CUST03028,6,51753,17536
CUST03029,9,102453,30264
CUST03030,9,65737,21867
CUST03031,9,92003,30950
CUST03032,8,54986,10361
CUST03033,14,96721,30019
CUST03034,11,92492,27234
CUST03035,15,108421,37690
CUST03036,8,56306,22128
CUST03037,11,93840,33477
CUST03038,7,60415,21140
CUST03039,9,65293,22584
CUST03040,12,96945,27874
CUST03041,4,42480,14103
CUST03042,14,114033,32303
CUST03043,11,94496,27493
CUST03044,9,60986,19274
CUST03045,14,74281,27529
CUST03046,10,62087,22189
CUST03047,14,82958,28473
CUST03048,11,90638,24997
CUST03049,13,103788,37524
CUST03050,9,58246,21849
CUST03051,6,93425,29249
CUST03052,13,105173,32507
CUST03053,11,88419,29359
CUST03054,6,38256,9776
CUST03055,8,76150,25614
CUST03056,11,82835,22099
CUST03057,11,80295,25031
CUST03058,7,50137,19761
CUST03059,8,82269,28913
CUST03060,8,75270,23922
CUST03061,10,73534,20336
CUST03062,12,52682,16401
CUST03063,13,97105,31031
CUST03064,11,72764,25870
CUST03065,8,47867,15266
CUST03066,14,61890,20933
CUST03067,12,110776,30299
CUST03068,7,65351,23472
CUST03069,7,62019,18312
CUST03070,10,54924,22579
CUST03071,4,23488,9545
CUST03072,8,44060,15536
CUST03073,12,72710,22668
CUST03074,5,62914,21156
CUST03075,7,37116,10655
CUST03076,10,60627,23549
CUST03077,10,81599,29467
CUST03078,4,22060,7794
CUST03079,13,105730,34841
CUST03080,13,153194,47707
CUST03081,9,91607,29624
CUST03082,18,113879,33954
CUST03083,8,40390,12963
CUST03084,13,101638,34831
CUST03085,11,60166,16694
CUST03086,5,61065,9737
CUST03087,12,119891,35142
CUST03088,15,91639,32206
CUST03089,13,115453,39811
CUST03090,8,44116,11957
CUST03091,6,44191,16197
CUST03092,9,81104,29601
CUST03093,16,177422,59473
CUST03094,11,69281,20621
CUST03095,13,79497,27905
CUST03096,8,55153,20714
CUST03097,11,104121,40549
CUST03098,14,104034,35020
CUST03099,9,79280,31977
CUST03100,10,81369,27518
CUST03101,7,37462,8700
CUST03102,10,73444,25360
CUST03103,11,82618,26723
CUST03104,12,59827,19123
CUST03105,6,81400,31911
CUST03106,6,53247,14780
CUST03107,8,72448,26753
CUST03108,10,80755,24786
CUST03109,10,59947,16635
CUST03110,12,80907,26744
CUST03111,12,102686,34101
CUST03112,6,36534,13220
CUST03113,9,86028,26772
CUST03114,8,76327,21782
CUST03115,7,25321,5684
CUST03116,5,58111,16849
CUST03117,13,116491,35075
CUST03118,11,64293,18839
CUST03119,11,75041,24609
CUST03120,10,60473,17811
CUST03121,12,65241,21943
CUST03122,5,56297,18111
CUST03123,10,51817,15523
CUST03124,13,85454,29297
CUST03125,12,102356,31480
CUST03126,10,64795,20054
CUST03127,9,95150,28213
CUST03128,9,41985,15719
CUST03129,12,89609,26877
CUST03130,9,91526,32454
CUST03131,11,115565,40393
CUST03132,9,85872,32669
CUST03133,8,76094,26539
CUST03134,12,86547,24131
CUST03135,11,89871,36147
CUST03136,7,28440,9250
CUST03137,10,43060,16338
CUST03138,12,112570,39841
CUST03139,15,132273,47110
CUST03140,8,64306,14475
CUST03141,15,116173,41732
CUST03142,11,92050,31906
CUST03143,9,63686,23455
CUST03144,7,26587,9880
CUST03145,12,60458,15867
CUST03146,9,76590,25254
CUST03147,9,48312,14298
CUST03148,16,100756,29784
CUST03149,12,74221,18605
CUST03150,8,50128,13712
CUST03151,8,29614,11034
CUST03152,13,140773,52771
CUST03153,11,104635,39255
CUST03154,8,71299,23167
CUST03155,4,33391,7480
CUST03156,13,104155,32779
CUST03157,5,34422,12967
CUST03158,13,125783,39610
CUST03159,10,110414,34939
CUST03160,14,98860,25790
CUST03161,12,53996,15516
CUST03162,14,106765,29353
CUST03163,14,96511,36455
CUST03164,11,147306,53452
CUST03165,12,65229,21064
CUST03166,9,100939,35773
CUST03167,16,168610,53856
CUST03168,6,34598,10693
CUST03169,10,76297,24858
CUST03170,8,55034,15288
CUST03171,10,44882,14897
CUST03172,8,69151,25537
CUST03173,6,50900,17616
CUST03174,11,85015,26515
CUST03175,17,204216,66340
CUST03176,12,95627,33556
CUST03177,14,131709,43035
CUST03178,13,96278,25501
CUST03179,14,101102,35559
CUST03180,10,89144,34961
CUST03181,7,47946,13600
CUST03182,6,54133,15779
CUST03183,13,155334,54337
CUST03184,13,136001,41763
CUST03185,2,20069,5222
CUST03186,16,132592,39339
CUST03187,11,60692,23368
CUST03188,5,48987,15317
CUST03189,9,71022,22913
CUST03190,9,51974,17672
CUST03191,15,109493,42190
CUST03192,13,86239,32779
CUST03193,9,50557,21856
CUST03194,7,57474,16117
CUST03195,7,55463,18754
CUST03196,12,91361,27727
CUST03197,12,113551,38904
CUST03198,11,102769,38247
CUST03199,15,128468,44541
CUST03200,16,152308,50898
CUST03201,8,89480,26128
CUST03202,14,130057,41180
CUST03203,10,68119,20382
CUST03204,11,91777,23147
CUST03205,14,105681,35036
CUST03206,11,94413,31605
CUST03207,10,86693,26868
CUST03208,9,81558,25730
CUST03209,5,47006,14128
CUST03210,8,39645,11840
CUST03211,5,34362,7004
CUST03212,8,54823,19323
CUST03213,15,105059,37055
CUST03214,7,48818,13924
CUST03215,10,77205,23995
CUST03216,8,84235,27881
CUST03217,16,157104,47561
CUST03218,13,67037,17505
CUST03219,10,90410,29520
CUST03220,11,119808,40590
CUST03221,10,61168,19879
CUST03222,7,45966,14225
CUST03223,7,54401,14919
CUST03224,10,84388,24663
CUST03225,8,95265,41451
CUST03226,8,63418,21278
CUST03227,8,39159,13494
CUST03228,11,97020,35057
CUST03229,16,101446,27797
CUST03230,9,62697,21790
CUST03231,8,48882,13490
CUST03232,13,95852,29943
CUST03233,13,111199,35436
CUST03234,8,96232,32871
CUST03235,9,69098,16048
CUST03236,9,54762,17847
CUST03237,9,91697,35078
CUST03238,9,85492,34297
CUST03239,16,127057,43892
CUST03240,12,117439,34247
CUST03241,15,135567,39422
CUST03242,11,100726,36980
CUST03243,8,74760,21031
CUST03244,12,95412,28133
CUST03245,8,79545,30421
CUST03246,8,60632,16807
CUST03247,5,21128,6297
CUST03248,12,97280,32037
CUST03249,7,63227,23788
CUST03250,15,85209,28364
CUST03251,12,100446,29493
CUST03252,12,95283,29265
CUST03253,8,33256,10281
CUST03254,12,84572,29834
CUST03255,13,97346,32443
CUST03256,11,73720,21093
CUST03257,12,86546,31089
CUST03258,8,70591,25623
CUST03259,8,75575,21345
CUST03260,11,100806,29843
CUST03261,14,114295,31268
CUST03262,12,89215,24393
CUST03263,15,123238,45428
CUST03264,4,38549,12222
CUST03265,10,40830,15033
CUST03266,4,16274,5400
CUST03267,12,83025,25502
CUST03268,11,60675,19020
CUST03269,14,69097,20604
CUST03270,6,30837,8228
CUST03271,11,62603,21132
CUST03272,10,50464,13754
CUST03273,7,43779,10084
CUST03274,12,77163,24906
CUST03275,6,58159,18980
CUST03276,10,68261,21518
CUST03277,7,26129,6805
CUST03278,11,53569,20943
CUST03279,10,85291,33524
CUST03280,10,103301,28815
CUST03281,13,114956,37158
CUST03282,11,116067,33922
CUST03283,7,67152,20010
CUST03284,12,106448,39081
CUST03285,9,98141,41556
CUST03286,13,128420,38824
CUST03287,7,41521,12324
CUST03288,16,129011,36321
CUST03289,5,54393,21177
CUST03290,11,85490,32687
CUST03291,11,80525,22576
CUST03292,15,102344,30253
CUST03293,7,63893,22911
CUST03294,11,112922,35393
CUST03295,17,146844,50264
CUST03296,5,32424,13103
CUST03297,10,58591,18183
CUST03298,9,61685,22600
CUST03299,8,58769,22466
CUST03300,7,74909,19292
CUST03301,10,80925,26542
CUST03302,10,81900,28702
CUST03303,11,54984,14692
CUST03304,9,75455,19337
CUST03305,5,50207,15763
CUST03306,15,74588,27181
CUST03307,14,92749,26318
CUST03308,10,34744,11090
CUST03309,6,41677,12265
CUST03310,14,141289,46413
CUST03311,14,115622,40672
CUST03312,10,71947,20064
CUST03313,6,53761,16065
CUST03314,8,77304,23964
CUST03315,12,85808,29043
CUST03316,9,73726,19948
CUST03317,10,47823,10310
CUST03318,12,135356,46382
CUST03319,11,74055,21037
CUST03320,10,74463,19793
CUST03321,10,85876,29448
CUST03322,12,108339,33058
CUST03323,13,120318,35741
CUST03324,12,104197,38111
CUST03325,15,119075,37264
CUST03326,8,84063,35117
CUST03327,6,35824,10524
CUST03328,7,41811,13441
CUST03329,9,60079,17259
CUST03330,9,55003,18271
CUST03331,9,69071,21573
CUST03332,20,144668,45955
CUST03333,9,68155,23769
CUST03334,10,46653,13546
CUST03335,8,65967,25564
CUST03336,3,36188,13266
CUST03337,14,82018,28462
CUST03338,10,88141,24009
CUST03339,12,111275,32789
CUST03340,10,68573,20844
CUST03341,13,109208,33701
CUST03342,8,35719,8966
CUST03343,12,46515,14764
CUST03344,15,163320,56293
CUST03345,6,48906,19817
CUST03346,12,83308,31054
CUST03347,11,76205,29709
CUST03348,8,63100,21493
CUST03349,15,107536,32237
CUST03350,9,61576,20171
CUST03351,10,97095,27376
CUST03352,10,108779,43392
CUST03353,11,72163,26822
CUST03354,8,62768,18566
CUST03355,7,55568,13493
CUST03356,8,57491,20098
CUST03357,11,68688,18822
CUST03358,11,86382,28994
CUST03359,10,97248,26669
CUST03360,13,108089,34643
CUST03361,7,68039,18506
CUST03362,12,106460,30725
CUST03363,11,118022,44652
CUST03364,8,36150,14289
CUST03365,14,83722,32743
CUST03366,12,136634,48144
CUST03367,8,52298,21404
CUST03368,19,142060,44138
CUST03369,18,100520,29086
CUST03370,13,97862,25087
CUST03371,9,53401,15369
CUST03372,18,142474,49492
CUST03373,11,66530,21566
CUST03374,10,80675,27540
CUST03375,9,50808,16257
CUST03376,3,29430,11704
CUST03377,7,46433,17948
CUST03378,9,94294,30568
CUST03379,6,41711,14086
CUST03380,13,88902,28602
CUST03381,9,92379,26508
CUST03382,12,85107,26416
CUST03383,6,50363,14133
CUST03384,8,73700,24944
CUST03385,11,135869,42561
CUST03386,12,95505,38046
CUST03387,8,58355,16756
CUST03388,11,60052,18282
CUST03389,10,98392,32862
CUST03390,13,58177,16548
CUST03391,15,96607,30600
CUST03392,10,104445,38782
CUST03393,13,109996,31559
CUST03394,10,74713,29069
CUST03395,8,73661,26649
CUST03396,9,59736,18182
CUST03397,5,32553,11016
CUST03398,12,87449,24598
CUST03399,15,120934,40619
CUST03400,6,60841,17799
CUST03401,7,43869,12907
CUST03402,12,88048,28357
CUST03403,8,69723,20200
CUST03404,11,59896,19248
CUST03405,9,90864,32728
CUST03406,8,62795,17524
CUST03407,14,118832,33798
CUST03408,8,59316,23374
CUST03409,8,57054,15839
CUST03410,7,50730,17691
CUST03411,12,122057,47599
CUST03412,16,139627,40004
CUST03413,12,121359,33229
CUST03414,6,33560,8994
CUST03415,16,139706,43968
CUST03416,7,44067,16912
CUST03417,9,54442,16699
CUST03418,13,128710,43372
CUST03419,6,40806,12878
CUST03420,10,85228,28391
CUST03421,14,116786,41092
CUST03422,10,74567,25222
CUST03423,9,85876,26288
CUST03424,8,48355,18095
CUST03425,10,78825,28427
CUST03426,3,32752,11977
CUST03427,13,49687,17434
CUST03428,8,64659,19069
CUST03429,13,89631,30328
CUST03430,9,29294,9316
CUST03431,13,132046,34095
CUST03432,6,84607,30630
CUST03433,17,105608,32765
CUST03434,5,21933,8677
CUST03435,4,5462,1778
CUST03436,10,85676,31148
CUST03437,11,60117,20875
CUST03438,6,55476,18516
CUST03439,17,159408,58006
CUST03440,14,126618,41859
CUST03441,13,106359,37432
CUST03442,6,39189,14611
CUST03443,9,85968,27961
CUST03444,9,47834,15792
CUST03445,10,51692,16623
CUST03446,9,73117,27113
CUST03447,14,99236,30193
CUST03448,11,113069,37465
CUST03449,7,48623,16214
CUST03450,9,64056,21733
CUST03451,10,54651,17181
CUST03452,7,51961,14994
CUST03453,11,78673,26665
CUST03454,7,40316,12898
CUST03455,16,122753,42025
CUST03456,6,29813,10570
CUST03457,13,77288,23312
CUST03458,9,59690,19852
CUST03459,6,51930,16313
CUST03460,10,76437,23663
CUST03461,15,133751,42038
CUST03462,9,59049,17758
CUST03463,14,124137,38175
CUST03464,10,70437,23123
CUST03465,12,90275,28654
CUST03466,10,69183,21605
CUST03467,7,74326,21930
CUST03468,10,78652,24165
CUST03469,10,104843,37167
CUST03470,5,42946,16465
CUST03471,9,71033,19236
CUST03472,12,129459,42971
CUST03473,14,116077,39675
CUST03474,5,53401,15442
CUST03475,12,97197,33594
CUST03476,10,74142,23895
CUST03477,9,65252,23421
CUST03478,8,43764,13856
CUST03479,11,92928,28795
CUST03480,9,45788,15429
CUST03481,11,74189,18496
CUST03482,14,112806,35295
CUST03483,9,77507,28127
CUST03484,11,81421,28043
CUST03485,6,29236,6482
CUST03486,8,93082,24905
CUST03487,19,123380,38810
CUST03488,14,167386,53212
CUST03489,8,79223,29906
CUST03490,14,120328,40218
CUST03491,17,150247,43744
CUST03492,17,171361,57332
CUST03493,12,67748,20212
CUST03494,9,74291,22111
CUST03495,6,23468,7536
CUST03496,11,117918,43311
CUST03497,16,127484,34675
CUST03498,6,43244,9830
CUST03499,12,63993,17903
CUST03500,10,83845,25197
CUST03501,11,89535,30579
CUST03502,15,107585,41147
CUST03503,5,34989,9042
CUST03504,10,108925,34134
CUST03505,18,185503,60183
CUST03506,12,90040,23685
CUST03507,12,85691,27620
CUST03508,8,74766,24015
CUST03509,7,68913,23568
CUST03510,12,130948,32690
CUST03511,9,40742,12379
CUST03512,11,104905,28037
CUST03513,10,70462,21595
CUST03514,9,80876,22241
CUST03515,12,119103,41248
CUST03516,11,62826,23116
CUST03517,8,35846,14069
CUST03518,13,62328,19795
CUST03519,11,74783,22897
CUST03520,5,29383,7622
CUST03521,12,103382,33656
CUST03522,6,43732,14939
CUST03523,8,51417,14206
CUST03524,8,55441,17503
CUST03525,6,23562,7071
CUST03526,5,71713,26224
CUST03527,9,52274,15669
CUST03528,14,87180,23961
CUST03529,8,72780,25989
CUST03530,12,59796,22525
CUST03531,10,120919,45641
CUST03532,7,64261,16593
CUST03533,8,65115,15522
CUST03534,10,98050,29556
CUST03535,17,176789,68307
CUST03536,8,74654,21042
CUST03537,11,84054,27762
CUST03538,7,41620,10895
CUST03539,7,63411,19634
CUST03540,11,69775,26742
CUST03541,6,60226,13557
CUST03542,8,69807,23938
CUST03543,5,38056,12230
CUST03544,9,69365,21319
CUST03545,12,73163,23849
CUST03546,10,57149,19505
CUST03547,8,70743,16974
CUST03548,11,81433,23556
CUST03549,7,26036,8152
CUST03550,12,100440,32441
CUST03551,5,78348,23118
CUST03552,11,100111,33976
CUST03553,11,82983,29962
CUST03554,13,103810,30358
CUST03555,11,94949,35140
CUST03556,11,86077,30597
CUST03557,11,101132,34352
CUST03558,13,93521,30345
CUST03559,14,99622,31728
CUST03560,7,43777,15576
CUST03561,14,131990,44731
CUST03562,12,77164,30429
CUST03563,9,70155,19657
CUST03564,9,46579,17331
CUST03565,4,13155,4191
CUST03566,8,46300,16580
CUST03567,13,96219,33989
CUST03568,13,89786,31501
CUST03569,8,54557,17435
CUST03570,7,54416,16965
CUST03571,8,56305,18828
CUST03572,12,75430,20634
CUST03573,7,73708,22682
CUST03574,9,89921,28139
CUST03575,13,109730,43954
CUST03576,12,60718,18285
CUST03577,15,113527,34824
CUST03578,12,79000,28945
CUST03579,8,34081,12075
CUST03580,8,45414,13236
CUST03581,9,64808,20511
CUST03582,6,39755,12919
CUST03583,11,79921,28658
CUST03584,7,45557,15083
CUST03585,15,99261,32422
CUST03586,6,66429,18595
CUST03587,6,50206,15618
CUST03588,10,99632,36488
CUST03589,12,107643,29825
CUST03590,9,95664,33072
CUST03591,13,93053,34474
CUST03592,11,111488,39111
CUST03593,8,53465,19389
CUST03594,5,47336,13345
CUST03595,11,93452,33160
CUST03596,8,33658,14172
CUST03597,12,71144,17819
CUST03598,13,84911,30639
CUST03599,14,84670,26384
CUST03600,7,33690,11328
CUST03601,13,110690,35774
CUST03602,6,50446,20523
CUST03603,13,72472,23877
CUST03604,11,130620,43549
CUST03605,13,117752,38094
CUST03606,9,47607,12726
CUST03607,11,70093,20239
CUST03608,7,92438,29935
CUST03609,11,90055,26743
CUST03610,13,95761,32833
CUST03611,9,60230,24300
CUST03612,12,120605,41712
CUST03613,14,119099,45869
CUST03614,8,76693,26799
CUST03615,8,60071,18424
CUST03616,3,9736,2803
CUST03617,7,50273,16827
CUST03618,6,68765,21356
CUST03619,13,59575,21429
CUST03620,10,76253,28765
CUST03621,8,84673,22379
CUST03622,13,88288,28070
CUST03623,9,54913,14330
CUST03624,8,47101,13763
CUST03625,7,44319,14644
CUST03626,11,119753,43269
CUST03627,10,68828,20276
CUST03628,15,139903,47241
CUST03629,13,81791,22335
CUST03630,14,74145,23811
CUST03631,13,123176,37639
CUST03632,7,77973,26595
CUST03633,10,64332,18128
CUST03634,11,85472,26463
CUST03635,14,70161,21643
CUST03636,5,47932,15964
CUST03637,8,82321,28376
CUST03638,12,65062,26013
CUST03639,11,115252,40635
CUST03640,11,67841,26323
CUST03641,4,16928,5223
CUST03642,13,118338,32640
CUST03643,13,109268,40308
CUST03644,5,46361,12081
CUST03645,11,77613,29384
CUST03646,11,92381,26919
CUST03647,12,93689,27690
CUST03648,7,30429,11439
CUST03649,12,96434,27752
CUST03650,10,74831,25934
CUST03651,13,62580,16012
CUST03652,9,51838,17673
CUST03653,4,49595,13208
CUST03654,8,69312,22508
CUST03655,13,135967,33617
CUST03656,14,134807,43890
CUST03657,9,54896,23467
CUST03658,15,140408,41911
CUST03659,10,51615,15184
CUST03660,16,167535,58160
CUST03661,3,27980,9346
CUST03662,10,107924,30974
CUST03663,9,55625,17434
CUST03664,12,70432,24217
CUST03665,12,80075,26183
CUST03666,14,95948,30825
CUST03667,9,72628,21370
CUST03668,13,81280,25378
CUST03669,7,41368,11498
CUST03670,10,91287,28401
CUST03671,11,103878,38641
CUST03672,9,61567,17356
CUST03673,18,100915,29750
CUST03674,6,45764,11017
CUST03675,16,105010,29447
CUST03676,14,110580,31666
CUST03677,7,45262,16207
CUST03678,10,81877,29839
CUST03679,14,97357,29334
CUST03680,12,110052,40102
CUST03681,10,78643,32974
CUST03682,11,98595,30692
CUST03683,8,71052,19438
CUST03684,14,138266,42028
CUST03685,8,46629,15339
CUST03686,11,110974,38366
CUST03687,11,98981,35854
CUST03688,10,48011,14242
CUST03689,15,129296,45256
CUST03690,12,106038,41164
CUST03691,11,66129,19843
CUST03692,9,85921,28733
CUST03693,12,99593,32582
CUST03694,12,86482,27716
CUST03695,10,64061,22854
CUST03696,7,60256,16686
CUST03697,13,125660,45404
CUST03698,9,51885,13077
CUST03699,3,30851,8671
CUST03700,11,90262,28436
CUST03701,10,79734,27157
CUST03702,11,69799,22953
CUST03703,9,43374,15627
CUST03704,6,51684,19410
CUST03705,9,63056,20460
CUST03706,9,86186,28635
CUST03707,9,81489,27691
CUST03708,4,56944,23448
CUST03709,7,22267,6636
CUST03710,15,149607,51857
CUST03711,2,5172,1696
CUST03712,12,84527,22200
CUST03713,8,91971,23302
CUST03714,9,103279,42239
CUST03715,9,56327,18862
CUST03716,4,14094,3560
CUST03717,11,72431,26052
CUST03718,10,70793,19877
CUST03719,16,145998,46717
CUST03720,17,93857,26363
CUST03721,4,31106,11281
CUST03722,11,63813,21782
CUST03723,15,110198,29913
CUST03724,12,90939,31172
CUST03725,9,57538,16642
CUST03726,6,64288,19287
CUST03727,13,90297,27107
CUST03728,11,83623,29673
CUST03729,14,136785,41055
CUST03730,14,130679,45490
CUST03731,14,110750,32026
CUST03732,11,63720,19906
CUST03733,8,47924,16839
CUST03734,9,86477,32402
CUST03735,14,148683,49062
CUST03736,13,97973,36005
CUST03737,12,86153,30715
CUST03738,8,53702,20684
CUST03739,10,89565,30419
CUST03740,8,46973,16368
CUST03741,11,66234,22639
CUST03742,10,56189,16435
CUST03743,11,78997,27206
CUST03744,9,58595,18513
CUST03745,11,79805,30072
CUST03746,9,58452,20326
CUST03747,6,34081,12275
CUST03748,15,164705,50636
CUST03749,13,113389,39784
CUST03750,11,74762,30268
CUST03751,8,61431,18119
CUST03752,9,43308,13693
CUST03753,10,81797,26006
CUST03754,10,77304,28244
CUST03755,13,113644,31851
CUST03756,3,36485,8410
CUST03757,11,62172,19763
CUST03758,11,71489,24653
CUST03759,8,53814,15046
CUST03760,8,73249,25083
CUST03761,8,79605,29169
CUST03762,10,68491,19698
CUST03763,8,64885,22079
CUST03764,11,61175,18161
CUST03765,18,96697,31088
CUST03766,12,110543,36499
CUST03767,13,70314,25196
CUST03768,9,43610,15681
CUST03769,9,81861,23906
CUST03770,11,81415,26644
CUST03771,9,87781,28888
CUST03772,11,94781,29057
CUST03773,12,73675,25016
CUST03774,9,71444,21838
CUST03775,9,56415,22433
CUST03776,12,83161,22219
CUST03777,3,19400,5148
CUST03778,13,154585,45726
CUST03779,16,116966,40858
CUST03780,11,78425,29964
CUST03781,3,27564,8211
CUST03782,15,146329,38933
CUST03783,9,76134,27787
CUST03784,8,44182,14746
CUST03785,6,43262,13701
CUST03786,7,44596,15082
CUST03787,9,67700,21562
CUST03788,12,64298,19177
CUST03789,6,40615,14659
CUST03790,8,48381,14346
CUST03791,8,79281,24980
CUST03792,10,93753,26585
CUST03793,11,101577,34260
CUST03794,12,127237,39320
CUST03795,11,101146,31057
CUST03796,10,75649,28755
CUST03797,11,100803,32556
CUST03798,10,104917,31825
CUST03799,8,80516,26275
CUST03800,8,61560,22385
CUST03801,10,80753,26569
CUST03802,10,74587,24190
CUST03803,9,65554,19366
CUST03804,9,54343,17846
CUST03805,9,56039,19843
CUST03806,12,95263,30456
CUST03807,9,95633,26715
CUST03808,15,101804,35916
CUST03809,14,135788,48105
CUST03810,11,90803,27379
CUST03811,16,94034,29240
CUST03812,18,161374,53551
CUST03813,8,40919,13678
CUST03814,8,77678,26315
CUST03815,13,126868,39997
CUST03816,12,120889,44569
CUST03817,13,58557,20456
CUST03818,10,82934,28412
CUST03819,7,36009,9025
CUST03820,10,83543,22060
CUST03821,8,58858,20015
CUST03822,7,71035,28417
CUST03823,11,84413,28245
CUST03824,11,86000,28601
CUST03825,9,71139,22897
CUST03826,12,118093,44298
CUST03827,8,81192,26570
CUST03828,12,102471,34055
CUST03829,11,96648,22996
CUST03830,10,60516,15219
CUST03831,11,99912,25029
CUST03832,10,55746,16152
CUST03833,7,59339,19015
CUST03834,8,75851,26395
CUST03835,9,94834,30083
CUST03836,7,23966,7009
CUST03837,11,76406,30728
CUST03838,10,119280,43995
CUST03839,10,83563,26639
CUST03840,11,93197,27977
CUST03841,5,36635,10598
CUST03842,11,120289,37464
CUST03843,9,90309,28111
CUST03844,9,70575,22938
CUST03845,7,75835,23866
CUST03846,11,98936,33623
CUST03847,4,36241,14026
CUST03848,7,46624,17380
CUST03849,13,122311,41330
CUST03850,13,84763,22251
CUST03851,11,81265,23470
CUST03852,9,61806,19649
CUST03853,13,100415,28474
CUST03854,11,120077,36515
CUST03855,16,129922,38692
CUST03856,6,27858,6452
CUST03857,14,102732,37774
CUST03858,8,69056,23069
CUST03859,10,80416,27230
CUST03860,6,34119,14046
CUST03861,11,83418,24623
CUST03862,6,58192,23479
CUST03863,7,80018,21752
CUST03864,10,93369,28944
CUST03865,6,70853,21890
CUST03866,17,135361,45250
CUST03867,9,67468,18349
CUST03868,13,104433,35691
CUST03869,16,151137,45156
CUST03870,10,72068,26006
CUST03871,10,56480,14578
CUST03872,10,104972,32078
CUST03873,7,38924,13668
CUST03874,11,67137,19967
CUST03875,8,92592,32667
CUST03876,12,75173,22164
CUST03877,8,54883,14926
CUST03878,10,72219,23405
CUST03879,13,91399,28954
CUST03880,8,67331,25530
CUST03881,9,29049,10136
CUST03882,9,57005,17440
CUST03883,5,26924,9909
CUST03884,12,71460,21517
CUST03885,14,83451,26239
CUST03886,7,42746,18218
CUST03887,8,87383,39467
CUST03888,6,42573,12421
CUST03889,10,84068,24959
CUST03890,8,86142,25911
CUST03891,4,38332,9044
CUST03892,7,39447,10992
CUST03893,14,118063,34675
CUST03894,8,35907,8436
CUST03895,10,67844,19174
CUST03896,6,65380,25674
CUST03897,5,32106,5999
CUST03898,14,121236,41846
CUST03899,10,60045,19608
CUST03900,10,91623,32745
CUST03901,6,69452,15249
CUST03902,16,120730,40962
CUST03903,13,108193,40505
CUST03904,11,95330,34396
CUST03905,15,107814,43459
CUST03906,11,66994,20551
CUST03907,14,130469,50161
CUST03908,14,103745,36540
CUST03909,8,47996,16112
CUST03910,10,93375,28165
CUST03911,7,42586,11577
CUST03912,9,48567,17884
CUST03913,6,43128,12487
CUST03914,8,56584,19978
CUST03915,11,61231,20270
CUST03916,8,57819,20753
CUST03917,10,81935,22834
CUST03918,10,82828,27983
CUST03919,5,35845,7741
CUST03920,8,47846,15876
CUST03921,15,144214,42277
CUST03922,11,100639,29757
CUST03923,4,27246,10408
CUST03924,11,89720,29699
CUST03925,10,122336,43209
CUST03926,10,75258,25445
CUST03927,9,82229,27980
CUST03928,14,95919,21631
CUST03929,8,29370,8361
CUST03930,5,26930,11063
CUST03931,11,128983,36192
CUST03932,6,58180,21785
CUST03933,14,102730,38465
CUST03934,10,74494,25118
CUST03935,6,41477,12239
CUST03936,9,55533,15318
CUST03937,18,136083,47804
CUST03938,10,84933,31311
CUST03939,12,79722,28781
CUST03940,7,66982,21677
CUST03941,8,75649,23050
CUST03942,10,65502,21820
CUST03943,14,111417,45330
CUST03944,7,56205,16991
CUST03945,8,44417,16282
CUST03946,9,86033,33469
CUST03947,12,82680,28039
CUST03948,6,42847,13940
CUST03949,10,57318,21921
CUST03950,9,71609,24042
CUST03951,10,65571,18631
CUST03952,13,101370,28614
CUST03953,8,61759,22677
CUST03954,11,101386,28169
CUST03955,7,46272,11860
CUST03956,5,33286,11240
CUST03957,8,39306,14789
CUST03958,14,146454,49379
CUST03959,10,41101,12457
CUST03960,18,116930,35662
CUST03961,16,99449,30251
CUST03962,8,54709,17039
CUST03963,7,46011,15483
CUST03964,9,87420,29460
CUST03965,5,26578,8019
CUST03966,10,74495,26031
CUST03967,7,68129,16053
CUST03968,14,126407,38943
CUST03969,10,88453,26462
CUST03970,14,109126,32406
CUST03971,18,148279,48106
CUST03972,3,35277,15202
CUST03973,10,68395,20402
CUST03974,14,100277,29562
CUST03975,10,78816,28229
CUST03976,9,44733,15364
CUST03977,14,102236,34269
CUST03978,8,60360,20039
CUST03979,10,77939,30851
CUST03980,7,30822,12573
CUST03981,9,52360,16413
CUST03982,12,93288,26126
CUST03983,9,52960,12617
CUST03984,15,139501,45647
CUST03985,10,66244,22964
CUST03986,16,214053,70822
CUST03987,13,86845,23401
CUST03988,4,12533,5314
CUST03989,12,114864,43460
CUST03990,6,29311,8398
CUST03991,7,49258,14175
CUST03992,13,109742,38391
CUST03993,7,29384,8251
CUST03994,14,96293,24509
CUST03995,13,113221,38468
CUST03996,11,59033,20092
CUST03997,15,86893,32537
CUST03998,7,48883,19304
CUST03999,10,76094,30460
CUST04000,14,89750,30916
CUST04001,9,47499,17531
CUST04002,10,75276,27625
CUST04003,8,77570,27512
CUST04004,8,45269,16274
CUST04005,7,52341,16684
CUST04006,10,106002,33184
CUST04007,10,60212,16674
CUST04008,11,103385,41205
CUST04009,12,106716,35167
CUST04010,12,95484,31165
CUST04011,11,80581,30568
CUST04012,5,25600,8001
CUST04013,11,102905,36017
CUST04014,6,30843,8235
CUST04015,23,213850,68510
CUST04016,8,68657,21392
CUST04017,10,113917,39153
CUST04018,10,60518,19488
CUST04019,15,106383,34902
CUST04020,9,80823,28554
CUST04021,8,57028,21449
CUST04022,12,132969,43776
CUST04023,6,50001,10888
CUST04024,11,100643,30249
CUST04025,8,59491,21151
CUST04026,13,109546,40489
CUST04027,13,66929,21009
CUST04028,14,127615,38989
CUST04029,6,75440,27141
CUST04030,7,62112,14984
CUST04031,10,82974,26854
CUST04032,4,16725,4383
CUST04033,3,10895,4526
CUST04034,14,93570,31311
CUST04035,7,90499,33942
CUST04036,9,81518,27585
CUST04037,11,85905,26457
CUST04038,9,51209,15923
CUST04039,11,85465,23581
CUST04040,10,95464,33868
CUST04041,9,87973,32185
CUST04042,5,60597,23211
CUST04043,16,115808,27872
CUST04044,4,41306,15521
CUST04045,15,86941,29927
CUST04046,9,49971,13473
CUST04047,6,42640,15310
CUST04048,8,56210,18149
CUST04049,6,35086,8700
CUST04050,10,106674,39455
CUST04051,10,76604,28151
CUST04052,7,58765,19512
CUST04053,10,70802,24473
CUST04054,17,167474,47564
CUST04055,11,49540,15391
CUST04056,11,50650,16783
CUST04057,5,15246,4411
CUST04058,8,50261,17368
CUST04059,11,74016,25045
CUST04060,11,50087,12695
CUST04061,7,66692,22466
CUST04062,10,75158,24802
CUST04063,16,113656,29888
CUST04064,9,64459,20941
CUST04065,9,72774,22756
CUST04066,6,48883,12096
CUST04067,8,77475,23827
CUST04068,15,101837,31551
CUST04069,13,79431,27249
CUST04070,9,36630,14024
CUST04071,8,63271,18034
CUST04072,15,101895,35869
CUST04073,11,84168,20345
CUST04074,8,35852,12787
CUST04075,2,8936,3630
CUST04076,14,122883,46169
CUST04077,12,55189,17142
CUST04078,11,53856,17182
CUST04079,11,98887,35980
CUST04080,12,103158,35807
CUST04081,11,107248,26991
CUST04082,5,59240,21613
CUST04083,9,54103,18662
CUST04084,7,53657,18461
CUST04085,5,31146,9208
CUST04086,10,56647,17943
CUST04087,9,79885,25610
CUST04088,12,95857,26776
CUST04089,11,75108,17412
CUST04090,10,41545,12089
CUST04091,15,109585,41860
CUST04092,3,31031,7794
CUST04093,6,57597,24465
CUST04094,8,49748,18931
CUST04095,11,88057,35908
CUST04096,9,81220,32769
CUST04097,13,74214,23252
CUST04098,8,69650,19643
CUST04099,5,53087,19583
CUST04100,7,44330,15468
CUST04101,10,60432,18533
CUST04102,8,54981,11595
CUST04103,12,98209,25360
CUST04104,9,33562,9600
CUST04105,6,30167,10720
CUST04106,6,79283,34275
CUST04107,14,101920,30985
CUST04108,9,54250,16936
CUST04109,8,88485,26087
CUST04110,8,73336,24347
CUST04111,6,34626,10274
CUST04112,11,106577,34369
CUST04113,10,66224,20888
CUST04114,10,75900,23203
CUST04115,15,153123,52151
CUST04116,6,34870,10171
CUST04117,15,113652,38407
CUST04118,13,64765,22281
CUST04119,11,86786,34757
CUST04120,8,88317,29688
CUST04121,18,147629,50477
CUST04122,10,71261,25337
CUST04123,9,63341,16036
CUST04124,7,74026,23369
CUST04125,11,65485,23164
CUST04126,10,97003,32695
CUST04127,11,126458,38360
CUST04128,8,48308,17114
CUST04129,5,33295,10362
CUST04130,9,61784,21079
CUST04131,10,80827,21447
CUST04132,15,143711,50189
CUST04133,13,138898,51755
CUST04134,15,149654,42684
CUST04135,10,77132,28183
CUST04136,14,117796,42350
CUST04137,11,100007,34776
CUST04138,12,125682,37553
CUST04139,11,62075,21931
CUST04140,9,88169,29021
CUST04141,8,49525,17135
CUST04142,10,81342,28254
CUST04143,14,77687,26842
CUST04144,6,57768,19469
CUST04145,9,52825,15714
CUST04146,12,71070,24703
CUST04147,12,65712,18484
CUST04148,6,47278,13193
CUST04149,6,43078,15660
CUST04150,6,37999,14281
CUST04151,15,107582,32513
CUST04152,11,75789,21407
CUST04153,6,44846,11685
CUST04154,8,83771,25727
CUST04155,7,40217,12470
CUST04156,5,73030,25511
CUST04157,5,35588,7729
CUST04158,8,64397,18443
CUST04159,14,101927,40962
CUST04160,11,119478,41866
CUST04161,5,42028,18759
CUST04162,8,54991,20410
CUST04163,2,18243,4824
CUST04164,7,48576,17145
CUST04165,10,57035,16801
CUST04166,4,29243,10377
CUST04167,8,58871,16090
CUST04168,16,156826,48455
CUST04169,3,28644,9400
CUST04170,13,90678,31874
CUST04171,6,56695,18008
CUST04172,12,102726,30834
CUST04173,10,85957,26525
CUST04174,9,65597,19759
CUST04175,22,172629,53728
CUST04176,9,49389,17216
CUST04177,7,47698,14076
CUST04178,15,113919,33692
CUST04179,12,69555,23876
CUST04180,8,63332,19872
CUST04181,10,122807,29072
CUST04182,10,68323,21608
CUST04183,11,73581,24050
CUST04184,10,41990,16431
CUST04185,6,27470,9110
CUST04186,10,99429,26651
CUST04187,6,83874,31692
CUST04188,8,22653,6717
CUST04189,14,89144,31370
CUST04190,10,70393,27856
CUST04191,8,61488,19157
CUST04192,13,111144,32674
CUST04193,7,46363,15674
CUST04194,9,86739,32818
CUST04195,10,49148,14350
CUST04196,7,61194,25861
CUST04197,9,57980,19488
CUST04198,15,156798,51902
CUST04199,9,56712,19851
CUST04200,12,93296,30440
CUST04201,19,144550,49592
CUST04202,8,78258,23863
CUST04203,7,52658,18901
CUST04204,7,71121,22080
CUST04205,9,58005,17736
CUST04206,7,87389,25111
CUST04207,15,112819,31508
CUST04208,11,60842,16370
CUST04209,8,72488,19442
CUST04210,6,65133,21449
CUST04211,13,120964,38588
CUST04212,6,70164,25134
CUST04213,9,57756,20842
CUST04214,13,107988,33711
CUST04215,15,133693,43641
CUST04216,6,35903,11316
CUST04217,9,95360,28542
CUST04218,9,50247,15789
CUST04219,12,90963,32907
CUST04220,8,78876,22410
CUST04221,10,113018,46415
CUST04222,15,127987,40015
CUST04223,8,84796,29357
CUST04224,13,110916,36157
CUST04225,13,88167,25297
CUST04226,14,94989,30854
CUST04227,7,48841,14641
CUST04228,11,109367,34042
CUST04229,16,158023,50270
CUST04230,4,42753,10482
CUST04231,7,61491,18278
CUST04232,14,120595,37196
CUST04233,10,75751,22112
CUST04234,9,90196,29814
CUST04235,11,114026,46095
CUST04236,8,68257,15060
CUST04237,10,68412,25324
CUST04238,11,101923,29982
CUST04239,10,76351,23295
CUST04240,7,43273,13691
CUST04241,6,60875,19996
CUST04242,9,70876,26248
CUST04243,12,45508,12859
CUST04244,8,84771,27725
CUST04245,11,119903,44723
CUST04246,7,69131,23971
CUST04247,8,73222,25168
CUST04248,10,70347,24899
CUST04249,2,6715,1514
CUST04250,9,54446,21639
CUST04251,12,101962,28012
CUST04252,7,40093,10769
CUST04253,6,50040,15832
CUST04254,11,79537,28828
CUST04255,9,59379,19986
CUST04256,12,85500,27314
CUST04257,9,91023,28579
CUST04258,12,158992,59813
CUST04259,7,31389,12665
CUST04260,13,100515,33854
CUST04261,12,126008,41500
CUST04262,17,138189,43860
CUST04263,14,105278,33307
CUST04264,12,110223,37418
CUST04265,10,84304,25634
CUST04266,7,39791,9880
CUST04267,16,127253,42249
CUST04268,8,95099,25631
CUST04269,13,76842,25897
CUST04270,9,87742,27545
CUST04271,15,100807,32591
CUST04272,10,99705,27510
CUST04273,17,123382,46241
CUST04274,5,36657,8714
CUST04275,14,128734,40449
CUST04276,11,126212,42845
CUST04277,10,66472,23595
CUST04278,11,85509,26353
CUST04279,12,88074,20926
CUST04280,5,69098,17818
CUST04281,4,21914,7515
CUST04282,12,124652,42861
CUST04283,11,123726,38379
CUST04284,8,78837,27993
CUST04285,9,64375,20629
CUST04286,8,64172,21217
CUST04287,11,72531,22727
CUST04288,10,58186,18908
CUST04289,11,81332,22747
CUST04290,9,79704,30520
CUST04291,9,39514,11723
CUST04292,9,54680,14989
CUST04293,8,76927,24721
CUST04294,12,66047,24950
CUST04295,11,71178,18577
CUST04296,5,42137,13553
CUST04297,8,64109,18530
CUST04298,9,42086,13635
CUST04299,12,77419,20525
CUST04300,9,89666,28105
CUST04301,10,82130,28132
CUST04302,9,53482,15703
CUST04303,17,120298,44107
CUST04304,6,56424,11954
CUST04305,8,57223,22242
CUST04306,12,105472,35046
CUST04307,8,73174,25910
CUST04308,11,107523,31896
CUST04309,7,73958,26080
CUST04310,16,117011,41031
CUST04311,12,76862,22569
CUST04312,10,77499,26427
CUST04313,17,132020,40542
CUST04314,10,70978,18137
CUST04315,13,136520,45518
CUST04316,8,57060,23004
CUST04317,9,80141,27076
CUST04318,9,74093,23992
CUST04319,13,75314,28315
CUST04320,8,54577,18076
CUST04321,10,81457,23186
CUST04322,13,64288,18898
CUST04323,6,30452,10329
CUST04324,12,100166,33247
CUST04325,11,101296,28668
CUST04326,12,98333,37398
CUST04327,13,93952,26340
CUST04328,9,89808,32676
CUST04329,10,66760,17555
CUST04330,11,75227,24193
CUST04331,11,69722,25107
CUST04332,9,72445,25316
CUST04333,9,84418,24513
CUST04334,6,60613,19081
CUST04335,6,41700,15487
CUST04336,11,112742,44628
CUST04337,3,14806,4131
CUST04338,8,56953,16359
CUST04339,8,54368,14703
CUST04340,14,117890,36279
CUST04341,11,87960,23681
CUST04342,14,119271,37958
CUST04343,12,105520,37719
CUST04344,11,98480,26005
CUST04345,11,129108,38716
CUST04346,9,79047,27741
CUST04347,9,65246,16255
CUST04348,4,29351,9817
CUST04349,10,85632,26438
CUST04350,14,111623,41728
CUST04351,11,81416,23505
CUST04352,10,62808,21412
CUST04353,7,52836,14131
CUST04354,9,46488,18853
CUST04355,16,136370,39992
CUST04356,10,119080,36290
CUST04357,11,82349,24964
CUST04358,14,142209,47364
CUST04359,11,84104,27910
CUST04360,3,18067,4626
CUST04361,15,130532,43974
CUST04362,7,29849,9215
CUST04363,9,114495,33439
CUST04364,7,29112,10300
CUST04365,11,72758,25955
CUST04366,10,68575,26454
CUST04367,12,86927,28754
CUST04368,11,88154,31056
CUST04369,11,61245,22740
CUST04370,9,75285,24832
CUST04371,15,186840,54259
CUST04372,6,22596,9070
CUST04373,13,136245,49420
CUST04374,13,97036,33732
CUST04375,8,60288,22002
CUST04376,7,82752,29665
CUST04377,12,115683,39342
CUST04378,8,43488,13162
CUST04379,13,104175,35282
CUST04380,11,70311,21045
CUST04381,14,103748,32924
CUST04382,8,80794,26987
CUST04383,10,99300,28921
CUST04384,12,81440,29667
CUST04385,6,34008,12142
CUST04386,6,60672,16730
CUST04387,8,47915,15758
CUST04388,12,116096,36801
CUST04389,10,52685,18704
CUST04390,11,70947,23878
CUST04391,8,37987,11924
CUST04392,8,54033,21343
CUST04393,7,48976,12959
CUST04394,5,27984,7821
CUST04395,6,43524,18877
CUST04396,8,40069,14834
CUST04397,11,72862,21926
CUST04398,9,52728,20076
CUST04399,9,62878,22340
CUST04400,12,128961,41762
CUST04401,11,95682,28779
CUST04402,5,13792,3759
CUST04403,7,61844,21325
CUST04404,11,87869,29169
CUST04405,6,83160,29802
CUST04406,6,42279,14367
CUST04407,13,118478,39675
CUST04408,5,34949,10885
CUST04409,9,99315,27140
CUST04410,14,133058,44303
CUST04411,6,39686,10393
CUST04412,6,27759,9230
CUST04413,9,103252,28562
CUST04414,10,59676,18156
CUST04415,10,138534,45301
CUST04416,12,79006,23818
CUST04417,9,44468,10477
CUST04418,7,38903,14321
CUST04419,10,74547,25148
CUST04420,8,70954,26606
CUST04421,9,59143,21546
CUST04422,6,52123,14503
CUST04423,13,91159,20323
CUST04424,7,61174,23058
CUST04425,16,110894,33563
CUST04426,5,17740,5379
CUST04427,10,84619,26433
CUST04428,5,13787,4268
CUST04429,13,65766,22781
CUST04430,8,61191,20604
CUST04431,9,63740,15812
CUST04432,11,85541,28790
CUST04433,13,147939,50896
CUST04434,11,79573,23444
CUST04435,11,73387,25513
CUST04436,17,149447,48251
CUST04437,8,63948,19045
CUST04438,7,64187,25274
CUST04439,9,48112,15178
CUST04440,12,107177,37109
CUST04441,7,42654,14515
CUST04442,2,19536,7337
CUST04443,9,41232,12629
CUST04444,10,105863,35911
CUST04445,14,81495,21090
CUST04446,12,95437,34477
CUST04447,15,113505,32713
CUST04448,3,16891,7527
CUST04449,2,14284,4597
CUST04450,3,17500,7875
CUST04451,11,70431,24725
CUST04452,14,98823,30749
CUST04453,15,132747,47435
CUST04454,11,104059,33482
CUST04455,10,88926,26017
CUST04456,12,142135,45709
CUST04457,12,82459,24731
CUST04458,11,77384,25621
CUST04459,8,68010,18356
CUST04460,14,103217,30702
CUST04461,14,154822,48544
CUST04462,7,67570,24164
CUST04463,14,105847,32667
CUST04464,11,71087,25596
CUST04465,8,75217,22952
CUST04466,5,18729,6925
CUST04467,9,64055,18007
CUST04468,5,36327,13206
CUST04469,12,87193,26048
CUST04470,7,61904,27460
CUST04471,9,68537,23664
CUST04472,14,70195,21574
CUST04473,13,79929,25759
CUST04474,9,32290,11277
CUST04475,11,96774,27982
CUST04476,5,25475,9971
CUST04477,7,51363,20922
CUST04478,13,92323,30778
CUST04479,10,60888,21146
CUST04480,10,74287,23118
CUST04481,12,99035,33529
CUST04482,9,78816,26412
CUST04483,19,120231,45162
CUST04484,9,47346,15621
CUST04485,5,16227,5097
CUST04486,11,68194,26013
CUST04487,6,60020,22979
CUST04488,10,51335,13441
CUST04489,10,73507,22521
CUST04490,8,48550,18677
CUST04491,13,108411,30212
CUST04492,13,107822,37289
CUST04493,15,128674,44627
CUST04494,13,87516,27013
CUST04495,17,138348,44225
CUST04496,5,37948,13660
CUST04497,12,109099,39528
CUST04498,10,91998,28883
CUST04499,6,55926,19653
CUST04500,9,110662,42020
CUST04501,8,68749,19017
CUST04502,20,102492,26438
CUST04503,11,57957,20925
CUST04504,7,54756,16537
CUST04505,9,64435,21521
CUST04506,11,86582,30279
CUST04507,8,72171,22170
CUST04508,17,95605,28187
CUST04509,12,83674,23486
CUST04510,6,51578,21146
CUST04511,8,55910,15955
CUST04512,12,100887,33796
CUST04513,12,70285,23487
CUST04514,7,33224,11105
CUST04515,12,103236,32973
CUST04516,9,59595,21546
CUST04517,15,96046,29597
CUST04518,12,64364,21890
CUST04519,6,50653,17235
CUST04520,3,7946,3334
CUST04521,8,70520,23124
CUST04522,18,143756,45355
CUST04523,10,89322,26095
CUST04524,13,85201,22199
CUST04525,10,63804,22081
CUST04526,10,44708,14266
CUST04527,12,106450,32681
CUST04528,12,121929,39685
CUST04529,8,58725,18458
CUST04530,11,58930,19868
CUST04531,11,57385,22846
CUST04532,7,43762,10540
CUST04533,5,16018,5266
CUST04534,13,101609,34029
CUST04535,7,34306,10874
CUST04536,8,83944,25668
CUST04537,7,51794,15179
CUST04538,11,71949,19395
CUST04539,13,120586,39771
CUST04540,6,33485,10167
CUST04541,10,80227,27969
CUST04542,9,73545,25139
CUST04543,16,114439,37471
CUST04544,9,61540,22816
CUST04545,11,92286,28713
CUST04546,14,111458,42123
CUST04547,9,86156,27217
CUST04548,11,121679,37214
CUST04549,10,55281,16630
CUST04550,8,78416,19744
CUST04551,10,65686,24777
CUST04552,8,52226,18025
CUST04553,12,88943,26197
CUST04554,9,50613,18314
CUST04555,8,58735,23477
CUST04556,13,120821,33605
CUST04557,7,57222,21742
CUST04558,9,69803,24335
CUST04559,9,60383,22958
CUST04560,13,136324,43165
CUST04561,7,42865,13929
CUST04562,10,68179,18587
CUST04563,8,67519,20139
CUST04564,9,48895,16487
CUST04565,12,113822,34842
CUST04566,7,45975,14887
CUST04567,12,124179,40725
CUST04568,9,69674,22452
CUST04569,10,65206,14946
CUST04570,5,15938,3571
CUST04571,21,117080,33433
CUST04572,13,90591,25370
CUST04573,8,33249,12485
CUST04574,9,62550,22689
CUST04575,11,103205,30234
CUST04576,7,58846,15943
CUST04577,19,150381,48045
CUST04578,7,59525,20063
CUST04579,12,130234,43198
CUST04580,8,73720,18847
CUST04581,4,26365,10293
CUST04582,11,71748,18576
CUST04583,7,83498,24361
CUST04584,10,84718,31268
CUST04585,8,82443,25034
CUST04586,12,114617,27721
CUST04587,8,56430,11988
CUST04588,12,80842,24019
CUST04589,8,62787,21826
CUST04590,10,75108,26576
CUST04591,15,128010,38724
CUST04592,4,33598,13746
CUST04593,12,115718,35450
CUST04594,7,46876,17204
CUST04595,7,67592,22403
CUST04596,10,101095,30771
CUST04597,4,30715,14079
CUST04598,7,53740,17135
CUST04599,7,55807,16995
CUST04600,12,129846,39969
CUST04601,8,81596,24527
CUST04602,7,37337,11687
CUST04603,11,97349,24692
CUST04604,13,107910,28556
CUST04605,11,89367,25520
CUST04606,8,67597,22366
CUST04607,7,87572,21268
CUST04608,9,66309,22763
CUST04609,7,46676,15790
CUST04610,8,49993,13884
CUST04611,6,40491,17901
CUST04612,13,72767,19593
CUST04613,11,69766,19685
CUST04614,13,94064,24939
CUST04615,5,42077,14320
CUST04616,6,39419,11515
CUST04617,12,108682,42096
CUST04618,10,47582,13411
CUST04619,10,53991,16125
CUST04620,11,107058,34705
CUST04621,14,137801,37860
CUST04622,11,102363,31926
CUST04623,5,28006,8872
CUST04624,9,68396,21697
CUST04625,9,76441,23331
CUST04626,10,45268,11630
CUST04627,13,128984,48781
CUST04628,9,43662,14498
CUST04629,12,104065,39262
CUST04630,10,78128,24036
CUST04631,8,64574,22566
CUST04632,7,59343,21143
CUST04633,7,49798,15847
CUST04634,10,73581,22159
CUST04635,7,56130,15646
CUST04636,8,37210,10978
CUST04637,12,109730,36397
CUST04638,14,112924,36217
CUST04639,6,49907,16224
CUST04640,4,38177,13019
CUST04641,8,76045,31244
CUST04642,9,68211,24379
CUST04643,15,105682,33297
CUST04644,13,118515,39036
CUST04645,12,90374,29481
CUST04646,7,36581,14872
CUST04647,8,50766,14929
CUST04648,13,118774,39681
CUST04649,11,139787,47481
CUST04650,13,88989,30392
CUST04651,10,80079,24264
CUST04652,8,64902,23144
CUST04653,16,100252,36259
CUST04654,6,32344,11643
CUST04655,15,118236,37159
CUST04656,13,126463,41071
CUST04657,11,83711,29829
CUST04658,7,57138,16772
CUST04659,11,117186,32754
CUST04660,12,90107,32157
CUST04661,10,66913,22086
CUST04662,13,88875,30532
CUST04663,7,63341,19992
CUST04664,8,57719,21554
CUST04665,14,98588,34287
CUST04666,11,70249,24216
CUST04667,6,30995,10873
CUST04668,5,70550,17929
CUST04669,6,62003,20192
CUST04670,8,72258,23922
CUST04671,17,149928,54843
CUST04672,9,123316,41882
CUST04673,2,20470,5568
CUST04674,9,39544,9758
CUST04675,15,93270,30537
CUST04676,16,102185,38598
CUST04677,9,63220,19174
CUST04678,16,121708,37733
CUST04679,9,69067,23091
CUST04680,8,83864,24187
CUST04681,15,151811,49458
CUST04682,12,83016,28786
CUST04683,13,92336,35689
CUST04684,16,111563,34438
CUST04685,6,61144,18088
CUST04686,6,47768,14606
CUST04687,6,45158,14179
CUST04688,13,65304,22553
CUST04689,14,134854,41535
CUST04690,7,51611,21192
CUST04691,14,121372,42615
CUST04692,10,75436,29720
CUST04693,9,36223,9662
CUST04694,9,91704,25028
CUST04695,14,144022,47605
CUST04696,9,78882,29541
CUST04697,11,102744,28856
CUST04698,11,69577,20238
CUST04699,5,47602,19578
CUST04700,8,76060,26875
CUST04701,4,12148,3854
CUST04702,11,87844,25772
CUST04703,10,94161,31303
CUST04704,11,70781,24317
CUST04705,5,33346,12053
CUST04706,12,95738,29121
CUST04707,5,60936,19761
CUST04708,7,64437,19300
CUST04709,7,47956,16340
CUST04710,12,70910,18504
CUST04711,11,74957,24897
CUST04712,11,67343,20612
CUST04713,7,52364,18170
CUST04714,15,159158,55208
CUST04715,14,116254,35826
CUST04716,11,97738,34769
CUST04717,8,57180,19432
CUST04718,9,82417,33114
CUST04719,11,72464,24466
CUST04720,16,121974,34759
CUST04721,9,88131,22171
CUST04722,10,88221,33839
CUST04723,16,115878,35169
CUST04724,15,95424,31538
CUST04725,9,53730,16751
CUST04726,10,85456,28423
CUST04727,7,43211,17579
CUST04728,12,83977,28118
CUST04729,13,90735,31395
CUST04730,13,102904,34846
CUST04731,9,67488,22702
CUST04732,10,95764,33969
CUST04733,15,146207,43453
CUST04734,14,78948,27938
CUST04735,14,82339,24013
CUST04736,10,63916,21854
CUST04737,11,67321,16404
CUST04738,10,53330,22639
CUST04739,8,59010,20617
CUST04740,9,99528,32135
CUST04741,2,6375,2146
CUST04742,12,60759,19014
CUST04743,7,38431,7890
CUST04744,8,39625,13276
CUST04745,12,73634,23190
CUST04746,7,50989,16389
CUST04747,8,56847,19663
CUST04748,12,86571,27420
CUST04749,11,105934,33589
CUST04750,11,66125,19363
CUST04751,8,49479,20270
CUST04752,6,45668,18860
CUST04753,13,121929,42018
CUST04754,10,43195,13684
CUST04755,10,70840,24698
CUST04756,9,64323,19769
CUST04757,11,85402,29096
CUST04758,15,142947,43885
CUST04759,8,74169,28817
CUST04760,9,41019,14115
CUST04761,16,81113,29540
CUST04762,13,69497,22515
CUST04763,6,56778,17581
CUST04764,8,51330,14204
CUST04765,11,74454,23112
CUST04766,6,31070,11115
CUST04767,8,61008,20480
CUST04768,6,27916,8139
CUST04769,14,50774,17368
CUST04770,9,99694,37638
CUST04771,11,96264,32521
CUST04772,6,55687,19340
CUST04773,6,77342,22411
CUST04774,10,110650,37904
CUST04775,9,61980,18170
CUST04776,6,61203,17356
CUST04777,10,75780,30097
CUST04778,8,60719,21715
CUST04779,11,116340,40049
CUST04780,8,48869,16075
CUST04781,20,154624,45124
CUST04782,14,114415,32883
CUST04783,11,81148,25811
CUST04784,6,65861,15826
CUST04785,9,46307,15038
CUST04786,11,83043,21216
CUST04787,9,58618,17325
CUST04788,8,47973,12025
CUST04789,5,37406,15583
CUST04790,8,59554,15370
CUST04791,10,79117,22943
CUST04792,8,60607,19170
CUST04793,8,57126,19071
CUST04794,9,90177,29577
CUST04795,5,36921,9726
CUST04796,11,52373,16965
CUST04797,13,93022,30866
CUST04798,12,121385,38663
CUST04799,13,108428,34895
CUST04800,8,45656,12172
CUST04801,8,73275,18468
CUST04802,11,107603,35095
CUST04803,11,75781,17850
CUST04804,10,86549,28843
CUST04805,13,121118,45783
CUST04806,13,110100,42096
CUST04807,11,98688,29270
CUST04808,7,58802,21546
CUST04809,11,101761,31525
CUST04810,5,28191,8101
CUST04811,6,49432,11612
CUST04812,7,48371,20799
CUST04813,7,31718,10596
CUST04814,6,52477,16773
CUST04815,13,85122,26611
CUST04816,9,43593,15500
CUST04817,7,47213,19102
CUST04818,8,54272,18206
CUST04819,7,56031,15469
CUST04820,11,103274,39821
CUST04821,10,96310,33006
CUST04822,8,70697,23681
CUST04823,13,69783,19368
CUST04824,13,102565,33555
CUST04825,8,25813,8876
CUST04826,11,94649,33623
CUST04827,13,90104,26481
CUST04828,8,43093,12992
CUST04829,6,59096,26005
CUST04830,7,53653,20929
CUST04831,7,81501,23607
CUST04832,10,96313,25458
CUST04833,10,80168,26156
CUST04834,15,92223,33773
CUST04835,12,112517,29831
CUST04836,12,94281,29446
CUST04837,10,33498,9034
CUST04838,17,173634,51863
CUST04839,14,128701,43783
CUST04840,19,110614,33693
CUST04841,11,73798,18923
CUST04842,14,108254,31389
CUST04843,8,80744,21297
CUST04844,6,15285,5974
CUST04845,9,69607,29365
CUST04846,9,58995,18647
CUST04847,12,87036,33595
CUST04848,6,36484,15386
CUST04849,9,79895,29932
CUST04850,10,88927,30791
CUST04851,5,29282,10587
CUST04852,5,49724,14821
CUST04853,14,73686,22796
CUST04854,15,138584,49144
CUST04855,14,70792,19343
CUST04856,4,16420,3921
CUST04857,11,94292,30861
CUST04858,11,102579,34795
CUST04859,12,93968,27778
CUST04860,7,84441,27250
CUST04861,12,106152,38338
CUST04862,10,102017,33522
CUST04863,15,121055,39902
CUST04864,11,92246,29822
CUST04865,13,115304,39694
CUST04866,16,126609,49091
CUST04867,12,77705,23253
CUST04868,8,92889,29395
CUST04869,11,70508,26735
CUST04870,12,74705,22217
CUST04871,9,86623,32258
CUST04872,4,16294,4561
CUST04873,10,86030,32620
CUST04874,15,131944,38667
CUST04875,7,63224,17834
CUST04876,10,77396,27526
CUST04877,17,111569,31823
CUST04878,3,19656,6734
CUST04879,11,82248,32391
CUST04880,9,59695,21709
CUST04881,12,128163,44093
CUST04882,11,91088,26569
CUST04883,14,118151,37571
CUST04884,4,35209,10003
CUST04885,1,2156,514
CUST04886,8,57496,16764
CUST04887,9,62299,15777
CUST04888,17,96732,32018
CUST04889,9,88318,31545
CUST04890,13,66841,25140
CUST04891,6,41485,14604
CUST04892,15,101665,35314
CUST04893,7,48200,12600
CUST04894,13,78931,23612
CUST04895,6,63171,18941
CUST04896,10,89476,25592
CUST04897,12,129136,41387
CUST04898,12,84582,32131
CUST04899,6,52098,16042
CUST04900,10,59747,17813
CUST04901,9,85762,30803
CUST04902,10,78640,24521
CUST04903,6,38476,13405
CUST04904,6,35500,13392
CUST04905,12,85462,31115
CUST04906,12,83739,25933
CUST04907,13,85795,31862
CUST04908,9,65800,20151
CUST04909,12,94507,22234
CUST04910,11,91576,22298
CUST04911,10,93408,27658
CUST04912,14,90985,34107
CUST04913,7,41206,12111
CUST04914,11,86805,31419
CUST04915,8,65931,23484
CUST04916,15,63999,21486
CUST04917,13,131383,32399
CUST04918,11,81924,31479
CUST04919,5,16840,6233
CUST04920,13,144296,45644
CUST04921,10,72462,23347
CUST04922,9,48428,17439
CUST04923,8,75370,23493
CUST04924,13,123014,33346
CUST04925,9,25314,8771
CUST04926,16,148106,45619
CUST04927,15,143225,48030
CUST04928,11,83548,20953
CUST04929,16,124315,44480
CUST04930,10,73522,28273
CUST04931,15,100086,36494
CUST04932,11,73796,21665
CUST04933,6,39582,13971
CUST04934,8,54691,21665
CUST04935,13,104847,39254
CUST04936,12,129387,45881
CUST04937,13,114015,37732
CUST04938,10,46301,12225
CUST04939,8,61665,22195
CUST04940,12,88945,30699
CUST04941,9,52745,14223
CUST04942,11,58969,16322
CUST04943,15,111154,38238
CUST04944,10,72939,24072
CUST04945,16,120793,39027
CUST04946,15,101142,38061
CUST04947,13,76267,21502
CUST04948,8,66873,18440
CUST04949,10,74774,22506
CUST04950,7,60167,21219
CUST04951,11,73463,21194
CUST04952,9,36867,11707
CUST04953,5,56111,17226
CUST04954,14,117969,39406
CUST04955,11,118918,39562
CUST04956,8,87944,31597
CUST04957,8,32862,11531
CUST04958,13,90684,28085
CUST04959,9,58100,18480
CUST04960,7,49996,13121
CUST04961,6,56818,13726
CUST04962,6,32081,8256
CUST04963,7,61722,21639
CUST04964,12,52177,17168
CUST04965,18,107461,34937
CUST04966,10,66839,17367
CUST04967,9,84998,29873
CUST04968,7,64816,21215
CUST04969,10,93978,32781
CUST04970,11,90992,24107
CUST04971,9,77067,23277
CUST04972,15,99767,27882
CUST04973,10,68227,21821
CUST04974,9,65590,23506
CUST04975,10,74514,25452
CUST04976,7,80745,25711
CUST04977,10,102908,32341
CUST04978,9,52821,15268
CUST04979,12,114139,37758
CUST04980,13,122711,43185
CUST04981,7,66086,16855
CUST04982,8,84081,25076
CUST04983,6,48240,15766
CUST04984,9,58896,18169
CUST04985,5,41012,10003
CUST04986,4,26821,6283
CUST04987,8,58239,23025
CUST04988,10,56281,16109
CUST04989,10,72159,20063
CUST04990,8,90257,29478
CUST04991,10,67131,24005
CUST04992,13,100721,33446
CUST04993,11,66030,22786
CUST04994,13,97139,36248
CUST04995,15,156271,47780
CUST04996,11,98754,31065
CUST04997,10,77493,20224
CUST04998,5,33001,9136
CUST04999,7,90765,30892
CUST05000,11,80720,22851
